,1007815,1007816,1007817,1007818,1007819,1007820,1007821,1007822,1007824,1007826,1007828,1011165,1011166,1011167,1011168,1011169,857355,857356,857357,857358,857359,857360,857361,857362,857363,857364,857365,857366,857367,857368,857369,857370,857371,857372,857373,857374,857375,857376,857377,857378,857379,857380,857381,857382,857383,857384,857385,857386,857387,857388,857389,857390,857391,857392,857393,857394,857395,857396,857397,857398,857399,857400,857401,857402,857403,857404,857405,857406,857407,857408,857409,857410,857411,857412,857413,857414,857415,857416,857417,857418,857419,857420,857421,857422,857423,857424,857425,857426,857427,857428,857429,857430,857431,857432,857433,857434,857435,857436,857437,857438,857439,857440,857441,857442,857443,857444,857445,857446,857447,857448,857449,857450,857451,857452,857453,857454,857455,857456,857457,857458,857459,857460,857461,857462,857463,857464,857465,857466,857467,857468,857469,857470,857471,857472,857473,857474,857475,857476,857477,857478,857479,857480,857481,857482,857483,857484,857485,857486,857487,857488,857489,857490,857491,857492,857493,857494,857495,857496,857497,857498,857499,857500,857501,857502,857503,857504,857505,857506,857507,857508,857509,857510,857511,857512,857513,857514,857515,857516,857517,857518,857519,857520,857521,857522,857523,857524,857525,857526,857527,857528,857529,857530,857531,857532,857533,857534,857535,857536,857537,857538,857539,857540,857541,857542,857543,857544,857545,857546,857547,857548,857549,857550,857551,857552,857553,857554,857555,857556,857557,857558,857559,857560,857561,857562,857563,857564,857565,857566,857567,857568,857569,857570,857571,857572,857573,857574,857575,857576,857577,857578,857579,857580,857581,857582,857583,857584,857585,857586,857587,857588,857589,857590,857591,857592,857593,857594,857595,857596,857597,857598,857599,857600,857601,857602,857603,857604,857605,857606,857607,857608,857609,857610,857611,857612,857613,857614,857615,857616,857617,857618,857619,857620,857621,857622,857623,857624,857625,857626,857627,857628,857629,857630,857631,857632,857633,857634,857635,857636,857637,857638,857639,857640,857641,857642,857643,857644,857645,857646,857647,857648,857649,857650,857651,857652,857653,857654,857655,857656,857657,857658,857659,857660,857661,857662,857663,857664,857665,857666,857667,857668,857669,857670,857671,857672,857673,857674,857675,857676,857677,857678,857679,857680,857681,857682,857683,857684,857685,857686,857687,857688,857689,857690,857691,857692,857693,857694,857695,857696,857697,857698,857699,857700,857701,857702,857703,857704,857705,857706,857707,857708,857709,857710,857711,857712,857713,857714,857715,857716,857717,857718,857719,857720,857721,857722,857723,857724,857725,857726,857727,857728,857729,857730,857731,857732,857733,857734,857735,857736,857737,857738,857739,857740,857741,857742,857743,857744,857745,857746,857747,857748,857749,857750,857751,857752,857753,857754,857755,857756,857757,857758,857759,857760,857761,857762,857763,857764,857765,857766,857767,857768,857769,857770,857771,857772,857773,857774,857775,857776,857777,857778,857779,857780,857781,857782,857783,857784,857785,857786,857787,857788,857789,857790,857791,857792,857793,857794,857795,857796,857797,857798,857799,857800,857801,857802,857803,857804,857805,857806,857807,857808,857809,857810,857811,857812,857813,857814,857815,857816,857817,857818,857819,857820,857821,857822,857823,857824,857825,857826,857827,857828,857829,857830,857831,857832,857833,857834,857835,857836,857837,857838,857839,857840,857841,857842,857843,857844,857845,857846,857847,857848,857849,857850,857851,857852,857853,857854,857855,857856,857857,857858,857859,857860,857861,857862,857863,857864,857865,857866,857867,857868,857869,857870,857871,857872,857873,857874,857875,857876,857877,857878,857879,857880,857881,857882,857883,857884,857885,857886,857887,857888,857889,857890,857891,857892,857893,857894,857895,857896,857897,857898,857899,857900,857901,857902,857903,857904,857905,857906,857907,857908,857909,857910,857911,857912,857913,857914,857915,857916,857917,857918,857919,857920,857921,857922,857923,857924,857925,857926,857927,857928,857929,857930,857931,857932,857933,857934,857935,857936,857937,857938,857939,857940,857941,857942,857943,857944,857945,857946,857947,857948,857949,857950,857951,857952,857953,857954,857955,857956,857957,857958,857959,857960,857961,857962,857963,857964,857965,857966,857967,857968,857969,857970,857971,857972,857973,857974,857975,857976,857977,857978,857979,857980,857981,857982,857983,857984,857985,857986,857987,857988,857989,857990,857991,857992,857993,857994,857995,857996,857997,857998,857999,858000,858001,858002,858003,858004,858005,858006,858007,858008,858009,858010,858011,858012,858013,858014,858015,858016,858017,858018,858019,858020,858021,858022,858023,858024,858025,858026,858027,858028,858029,858030,858031,858032,858033,858034,858035,858036,858037,858038,858039,858040,858041,858042,858043,858044,858045,858046,858047,858048,858049,858050,858051,858052,858053,858054,858055,858056,858057,858058,858059,858060,858061,858062,858063,858064,858065,858066,858067,858068,858069,858070,858071,858072,858073,858074,858075,858076,858077,858078,858079,858080,858081,858082,858083,858084,858085,858086,858087,858088,858089,858090,858091,858092,858093,858094,858095,858096,858097,858098,858099,858100,858101,858102,858103,858104,858105,858106,858107,858108,858109,858110,858111,858112,858113,858114,858115,858116,858117,858118,858119,858120,858121,858122,858123,858124,858125,858126,858127,858128,858129,858130,858131,858132,858133,858134,858135,858136,858137,858138,858139,858140,858141,858142,858143,858144,858145,858146,858147,858148,858149,858150,858151,858152,858153,858154,858155,858156,858157,858158,858159,858160,858161,858162,858163,858164,858165,858166,858167,858168,858169,858170,858171,858172,858173,858174,858175,858176,858177,858178,858179,858180,858181,858182,858183,858184,858185,858186,858187,858188,858189,858190,858191,858192,858193,858194,858195,858196,858197,858198,858199,858200,858201,858202,858203,858204,858205,858206,858207,858208,858209,858210,858211,858212,858213,858214,858215,858216,858217,858218,858219,858220,858221,858222,858223,858224,858225,858226,858227,858228,858229,858230,858231,858232,858233,858234,858235,858236,858237,858238,858239,858240,858241,858242,858243,858244,858245,858246,858247,858248,858249,858250,858251,858252,858253,858254,858255,858256,858257,858258,858259,858260,858261,858262,858263,858264,858265,858266,858267,858268,858269,858270,858271,858272,858273,858274,858275,858276,858277,858278,858279,858280,858281,858282,858283,858284,858285,858286,858287,858288,858289,858290,858291,858292,858293,858294,858295,858296,858297,858298,858299,858300,858301,858302,858303,858304,858305,858306,858307,858308,858309,858310,858311,858312,858313,858314,858315,858316,858317,858318,858319,858320,858321,858322,858323,858324,858325,858326,858327,858328,858329,858330,858331,858332,858333,858334,858335,858336,858337,858338,858339,858340,858341,858342,858343,858344,858345,858346,858347,858348,858349,858350,858351,858352,858353,858354,858355,858356,858357,858358,858359,858360,858361,858362,858363,858364,858365,858366,858367,858368,858369,858370,858371,858372,858373,858374,858375,858376,858377,858378,858379,858380,858381,858382,858383,858384,858385,858386,858387,858388,858389,858390,858391,858392,858393,858394,858395,858396,858397,858398,858399,858400,858401,858402,858403,858404,858405,858406,858407,858408,858409,858410,858411,858412,858413,858414,858415,858416,858417,858418,858419,858420,858421,858422,858423,858424,858425,858426,858427,858428,858429,858430,858431,858432,858433,858434,858435,858436,858437,858438,858439,858440,858441,858442,858443,858444,858445,858446,858447,858448,858449,858450,858451,858452,858453,858454,858455,858456,858457,858458,858459,858460,858461,858462,858463,858464,858465,858466,858467,858468,858469,858470,858471,858472,858473,858474,858475,858476,858477,858478,858479,858480,858481,858482,858483,858484,858485,858486,858487,858488,858489,858490,858491,858492,858493,858494,858495,858496,858497,858498,858499,858500,858501,858502,858503,858504,858505,858506,858507,858508,858509,858510,858511,858512,858513,858514,858515,858516,858517,858518,858519,858520,858521,858522,858523,858524,858525,858526,858527,858528,858529,858530,858531,858532,858533,858534,858535,858536,858537,858538,858539,858540,858541,858542,858543,858544,858545,858546,858547,858548,858549,858550,858551,858552,858553,858554,858555,858556,858557,858558,858559,858560,858561,858562,858563,858564,858565,858566,858567,858568,858569,858570,858571,858572,858573,858574,858575,858576,858577,858578,858579,858580,858581,858582,858583,858584,890550,890551,890552,890553,890554,890555,890556,890557,891700,891774,892493,892494,892495,892496,892497,892498,892499,892500,892501,892502,892503,892504,892505,892506,892507,892508,892509,892511,892512,892513,892514,892515,892516,892517,892521,892522,892528,894221,894953,906726,906734,906741,906748,906753,907511,907520,907527,907534,907540,967800,967805,967806,967807,967808,967809,970431,970433,970435,970437,970439,970441,972853,972856,972857,972860,972863,972866,972869,981609,981611,981615,981619,981623,981627,id,full_name,abbreviation
0,,,,,,,,,,,,,,,,,,,,,,117.0,,,,,,,,,,,,,,,,,,,,108.0,,,,,,,,,,,,109.0,,,,,,,,,,,,,,,,,,,,,,,,,,,118.0,,,,,,,,,,,136.0,,,,,,,,115.0,,,,,,,,,,,,,,,,,109.0,,,,,,,,,,,,,,,112.0,,,,,,,,,,,,,,,,,,,,,,124.0,,,,,,,,,,,117.0,,,,,,,,,,,,,119.0,,,,,,,,,,,,104.0,,,,,,,,,,,,,,,109.0,,,,,,,,,,,,,,,121.0,,,,,,,,,,,,101.0,,,,,,,,,,,,,,,,,,,124.0,,,,,,,,,,,,,,102.0,,,,,,,,,,,,,,,,115.0,,,,,,,,,,,,,122.0,,,,,,,,,,,,98.0,,,,,,,,,,101.0,,,,,,,,,,,,,,125.0,,,,,,,,,,,,,117.0,,,,,,,,,,,,,,,,,,,,,,,,,,,,,,,114.0,,,,,,,,,89.0,,,,,,,,,,,,,116.0,,,,,,,,,,,,,,,,,123.0,,,,,,,103.0,,,,,,,,,,,,124.0,,,,,,,,,,,,,,125.0,,,,,,,,,,,,,,,,,,,,,,,,,,126.0,,,,,,,,,,,,,,108.0,,,,,,,,,,,,,,,,,,130.0,,,,,,,,,,,,,,,,,,,114.0,,,,,,,,,,,,,,107.0,,,,,,,,,,,,,,121.0,,,,,,,,,,,,,,,141.0,,,,,,,,,,,,,,,,,,,,,,,,,120.0,,,,,,,,,,,,,,,114.0,,,,,,,,,,,,,,112.0,,,,,,,,,,,,,,,,,,,,,105.0,,,,,,,,,,,,113.0,,,,,114.0,,,,,,,,,,,,,,,121.0,,,,,,,,,,,,,,,,,,,,130.0,,,,,,,,,,,,,,139.0,,,,,,,118.0,,,,,,,,,,,,,100.0,,,,,,,,,,,,,,137.0,,,,,,,,,,,,,,,,,,,,,,,113.0,,,,,,,,,,,,,,125.0,,,,,,,132.0,,,,,,,,,,,,,,,,115.0,,,,,,,,,108.0,,,,,,,,,,,,,,,,,,,,,,,107.0,,,,,,,,,,,,,,116.0,,,,,,,,,,,,,,,,,,,,,,125.0,,,,,,,,,138.0,,,,,,,,,,,,,,,,101.0,,,,,,,,,,,,,,,,,136.0,,,,,,,,,,,,,,,,,129.0,,,,,,,,,,,,,,116.0,,,,,,,,,,,,,,,,,,,,,,,129.0,,,,,,,,,,,109.0,,,,,,,,,,,,128.0,,,,,,,,,,,,,,,122.0,,,,,,,,,,,,,114.0,,,,,,,,,,,,125.0,,,,,,,,,,,115.0,,,,,,,,,,,,,,,,,,,,,,,,,,,,,127.0,,,,,,,,,,,118.0,,,,,,,,,,,,,,,,129.0,,,,,,,,,,,,,124.0,,,,,,,,,,,,,,,143.0,,,,,,,,,,,,,119.0,,,,,,,,,,120.0,,,,,,,,,,,,,,,,,,,,,,,,107.0,,,,,,,,,,,,,,,,132.0,,,,,,,,,,123.0,,,,,,,,,,134.0,,,,,,,,,,,,,,131.0,,,,,,,,,,,,,,,,114.0,,,,,,,,,,,116.0,,,,,,,,99.0,,,,106.0,,,,,,,130.0,,,,,121.0,,,,119.0,,,,,120.0,,,,,,,,,,,,,,,,,,,,,,,,,,,,,,,,,,,,,,,,,1,Atlanta Hawks,ATL
1,,116.0,,105.0,,102.0,,116.0,110.0,104.0,84.0,,,,,,126.0,,,,,,,,,,,,,,,,,,,,111.0,,,,,,,,,,126.0,,,,,,,,,,,,,,,,,102.0,,,,,,,,,,,,,,,,,,,,,,,,,,123.0,,,,,,,,,,,,,,,,,,,,112.0,,,,,,,,,,,,,,,,,113.0,,,,,,,,,,,,,,123.0,,,,,,,,,,,,,,133.0,,,,,,,,,,,,,109.0,,,,,,,128.0,,,,,,,,,,,,,,,,,,,,131.0,,,,,,,117.0,,,,,,,,,,,,,,,126.0,,,,,,,,,,,,,,,126.0,,,,,,,,,117.0,,,,,,,,,,,,,,,,,,,,,,,,,,107.0,,,,,,,,,,,,,,,125.0,,,,,,,,,,,,,,122.0,,,,,,,,,,,,,,130.0,,,,,140.0,,,,,,,,,,,,,,134.0,,,,,,,,,,,,,116.0,,,,,,,,,,,,,,,,,,,,,,103.0,,,,,,,116.0,,,,,,,,,,,,,,,,,,125.0,,,,,,,,,,,,,,,,,107.0,,,,,,,,,,,,,,,,,93.0,,,,122.0,,,,,,,,,,,,,,,,,,,,,109.0,,,,,,,,,,,,,,,92.0,,,,,,,,,,,,,,,,,,,,,,,,,,112.0,,,,,,,,121.0,,,,,,,,,,,,139.0,,,,,,,,,,,,,126.0,,,,,,,,,,,,,,,,,,,,,116.0,,,,,,,,,,,,,,,,,,,,,,111.0,,,,,,,,,,,,,117.0,,,,,,,,,,,,,,124.0,,,,,,,,,,,,,,,121.0,,,,,,,,,,,,,,,,107.0,,,,,,,,,,,,,,125.0,,,,,,,,,109.0,,,,,,,,,,,,,,,,122.0,,,,,,,,,,,,,,,,,130.0,,,,,,,,,,,,,,,,,121.0,,,,,,,,,,,,,,,106.0,,,,,,,,,,,,,,,,,98.0,,,95.0,,,,,,,,,,,,,,,,,,,,117.0,,,,,,,125.0,,,,,,,,,,,,,,,,,,,,,,,,,,,,,,,,139.0,,,,,,,,,,,,,,94.0,,,,,,,,,,,,,,,,,,,,,,,111.0,,,,,,,,,,,,,,,,,,106.0,,,,,,,,,,,,127.0,,,,,,,,,,,,,,,119.0,,,,,,,,,,,,,,125.0,,,,127.0,,,,,,,,,,,,,,,,,,142.0,,,,,,,,,,,,,,110.0,,,,,,,,,,,,,94.0,,,,,,,,,,,,,,,,,117.0,,,,,,,,,,,,,,,,,105.0,,,,,,,,,129.0,,,,,,,,,,,,114.0,,,,,,,,,,,,,,,115.0,,,,,,,,,,,,,,,,,,,,,,,134.0,,,,,,,,,,109.0,,,,,,,,,,,,,,104.0,,,,,,,,,,,,,126.0,,,,,,,,,,,,,117.0,,,,,,,,,,,,,,,,,,132.0,,,,,,,,,,,,,,,,,,,,,,,120.0,,,,,,,,,,,137.0,,,,,,,,,,,,,,,,,,,111.0,,,,,,,,,,,,,,140.0,,,,,122.0,,,,,,,,,,,,,,,,,,,,,,,,,,,,,101.0,,,,,,,,,,97.0,,,,,,,,,,,,,,,121.0,,,,,,,,,,,,,,120.0,,,,,,,,,,,,,,,,,,,112.0,,,,119.0,,,,,,,122.0,,,,,129.0,,,,117.0,,,,,128.0,,,,,,,,,,,,,,,,,,,,,,,,,,,,115.0,121.0,114.0,115.0,103.0,95.0,112.0,,,,,,,2,Boston Celtics,BOS
2,,,,,,,,,,,,,,,,,,,,,108.0,,,,,,,,,,,,109.0,,,,,,,,,,,,,,,,,,,,,,,,,,,,,,,,,124.0,,,,,,,,,,,,,99.0,,,125.0,,,,,,,,,,,,,,,,,,,,,116.0,,,,,,,,,,116.0,,,,,,,99.0,,,,,,,,,,,,,,,,,,128.0,,,,,,,,,,,98.0,,,,,,,,,,,,,,,,,,,,,,94.0,,,,,,,,,,,112.0,,,,,,,,,,,,,,,,,,110.0,,,,,,,,,,,,,,103.0,,,,,,,,121.0,,,,,,,,,,,,,,,,,109.0,,,,,,,,,,,,,,,,,,,,127.0,,,,,,,,,,,,,,,106.0,,,,,,,,,,112.0,,,,,,,117.0,,,,,,,,,,,,,,,,,111.0,,,,,,,,,,,109.0,,,,,,,,,113.0,,,,,,,,,,,,,,,,,,,114.0,,,,,,,,,,,,,,,,,92.0,,,,,,,,,,,,,,,,,,,,122.0,,,,,,,,,,,,120.0,,,,,,,,,,,,136.0,,,,,,,,,,,112.0,,,,,,,,,,,,,,,,,,,,,,,,,,,,119.0,,,,,,,,,,,,,,,,,,,,124.0,,,,,,,,,,,,,,,,,,,,,,,143.0,,,,,,,,,,,,,118.0,,,,,,,,,,,,,,,,125.0,,,,,,,,,,,,,,,,,,108.0,,,,,,,,,,,,,,,,,,,123.0,,,,,,,,,,,,,,,,,,,139.0,,,,,112.0,,,,,,,,,,,,,,,,,,,,,108.0,,,,,,,,,,,,102.0,,,,,,,,,,,,,,,,,,,,,,,,,,,,,,,,,98.0,,,,,,,,,,,,,,,,,,,,,,,,102.0,,,,,,,,,,,98.0,,,,,,,,,,,,,,112.0,,,,,,,,,117.0,,,,,,,,,,,,,120.0,,,,,,,,,,,,,,,,,,,,,,133.0,,,,,,,,,122.0,,,,,,,,,,,,,,,,,122.0,,,,,,,,,,,,121.0,,,,,,,,,,,,,96.0,,,,,,,,,,,,,,,,,,,,,125.0,,,,,,,,,,,,,,116.0,,,,,,,,,112.0,,,,,,,,,,,,,,116.0,,,,,,,,,,,,,,98.0,,,,,,,,,,,,,,,,,106.0,,,,,,,,,,,,116.0,,,,,,,,,,,,,,,,,,,,,,,,,,87.0,,,,,,,,,,,127.0,,,,,,,,,,,,,,,,104.0,,,,,,118.0,,,,,,,,,,,,,,,,,,,115.0,,,,,,,,,,,,,,,102.0,,,,,,,,,,,,,118.0,,,,,,,,,,,,,,,,113.0,124.0,,,,,,,,,,,,,,,,,122.0,,,,,,,,,,,,107.0,,,,,,,,,,,,,,,,,,,96.0,,,,,,,,,,,,,,,,,,,,,,,,102.0,,,,,,,109.0,,,,,,,,,,,,,,,,,,,114.0,,,,,,,,,,,,,,,,129.0,,,106.0,,,,,,,,,,,,,,,,,,,,,,,,,,,,,123.0,,,,,,,,,,124.0,,,,,,,,,,,111.0,,,,,,,,,,,,,,,,,102.0,,,,,,,123.0,,,,,,,,,,,,,,,,,,,,,101.0,,,,,,,,,,,,,105.0,,,,,,,,,,,,101.0,,,,,,84.0,,,,,,97.0,,,,,88.0,,,,,,,,,,,,,,,,,,,,,,,,,,,,,,,,,,,,,,,,,,,,,,,,,,,,,3,Brooklyn Nets,BKN
3,,,,,,,,,,,,,,,,,,,,,,,,,,,,129.0,,,,,,,,,,,,,112.0,,,,,,,,,,,,,126.0,,,,,,,,,,,,,,,,,,,,,,131.0,,,,,,,,,,,,,,,,,,93.0,,,,,120.0,,,,,,,,,,,,,,,,,108.0,,,,,,,,,,88.0,,,,,,,,,,,,,,99.0,,,,,,,,,94.0,,,,,,,,,,,,,,,100.0,,,,,,,,,,,,,95.0,,,,,,,,,,,112.0,,,,,,,,,,,,,,,115.0,,,,,,,,,,,,,,,,,,112.0,,,,,,,,113.0,,,,,,,,,,,,,,,,,122.0,,,,,,,,,,,,,,,102.0,,,,,,,,,,,,,,,,,107.0,,,,,,,,,,,110.0,,,,,,,,,,,,,,,,,,,,,,,,,,105.0,,,,,,,,,,,,,,,,,,,,,,,,,,,,,,,,,117.0,,,,,,,,96.0,,,,,,,,,,,,117.0,,,,,,,,,,,,,,,,116.0,,,,,,,,,,,102.0,,,,,,,,,,,,,,,,,113.0,,,,,,,,,,,,,,,,,,,,,,,,,,134.0,,,,,,,,106.0,,,,,,,,,,,,,,,115.0,,,,,,,125.0,,,,,,,,,,,,,,,,,,,,,,,,105.0,,,,,,,,,,,,,,,,134.0,,,,,,,,113.0,,,,,,,,,,,,,,105.0,,,,,,,,,,,121.0,,,,,,,,,,,,,,,106.0,,,,,,,,,,,,,,,,115.0,,,,,,,,,,,,,107.0,,,,,,,,,,,138.0,,,,,,,,,,,,,,,,,,,,111.0,,,,,,,,,,,,,,,,,120.0,,,,,,,,,,114.0,,,,,,,,,,,,,,,,,,,106.0,,,,,,,,,,,,,,,,,118.0,,,,,,,,,,,122.0,,,,,,,,,,,,,,,,,,,,,,,,122.0,,,,,,,,,,,,102.0,,,,,,,,97.0,,,,,,,,,,,,,111.0,,,,,,,,,,,,,,,,,,,,,122.0,,,,,,,,,,,,,,,,115.0,,,,,,,,,,,,,98.0,,,,,,,,,112.0,,,,,,,,,,,,,,,,113.0,,,,,,,,,,,,,,,,,104.0,,,,,,,,,,,,,,,,,,116.0,,,,,,,,,,,105.0,,,,,,,,,,144.0,,,,,,,,,,,,,,120.0,,,,,,,,,,,,,,,,,,,,,,,,121.0,,,,,108.0,,,,,,,,,,,,,,,,,117.0,,,,,,,,,,,,,,,,,,,91.0,,,,,,,106.0,,,,,,,,,,,,,,,,,,,,86.0,,,,,,,,,112.0,,,,,,,,,,,,,,,113.0,,,,,,,,,,,,,,,,,,111.0,,,,,,,,108.0,,,,,,,,,,,104.0,,,,,,,,,,,,,,,,,,,,,,,,,82.0,,,,,,,,,,,,,,,,,115.0,,,,,,,,,,,,,,,,,,,,,,,96.0,,,,,,,117.0,,,,,,,,,,,,,,,,110.0,,,,,,,,,,,,,,,,,137.0,,,,,,,,,,,,,,,,,,,,,,91.0,,,,,,,,,,108.0,,,,,,,,,,,,,100.0,,,,,,,,,,,,,,,,,,,,,,,,,,,,,109.0,,,,,,,,106.0,,,,,,,,,,,,,,,,,,,,,,,,,,,,,,,,,,,,,,,,,,,,,,,,,,,,,,,,,,,,,,,,,,,,,,,,,,,,,,,,,,,,,,,,,4,Charlotte Hornets,CHA
4,,,,,,,,,,,,,,,,,,,,,,,116.0,,,,,,,,,,,,,100.0,,,,,,,,,96.0,,,,,,,,,,,,,,,,,,,120.0,,,,,,,,,,,,,124.0,,,,,,,,,,124.0,,,,,,,,,,,109.0,,,,,,,,,,,,,,,,,,,,,,108.0,,,,,,106.0,,,,,,,,,,,,,,,119.0,,,,,,,,,,,,,,,,104.0,,,111.0,,,,,,,,,,,,,,,,,,,,,,,111.0,,,,,,,,,,,,,,,,,,,,,,,,,,103.0,,,,,,,,,,,,,,,,,,110.0,,,,,,,,,,,,,,,,107.0,,,,,,,,,,,,,,,,,,,,,,,,121.0,,,,,,,,,,118.0,,,,,,,,,,,,,,,,,,,,119.0,,,,,,,,,,,,,,,,,,,,,,,,114.0,,,,,,,,,,,,,113.0,,,,,,,,,,,,,,,,,,111.0,,,,,,,,101.0,,,,,,,,,,,,,,,,,,,,,,,,,,,,115.0,,,,,,,,,,,,,,,,144.0,,,,,,,,,122.0,,,,,,,,,,,,,,,,,,,,,,,120.0,,,,,,,,91.0,,,,,,,,,,,,,,,,,,126.0,,,,,,,,,,,,,,,,,,113.0,,,,,,110.0,,,,,,,,,,,,,118.0,,,,,,,,,,,,,,,118.0,,,,,,,,,,,,,,,,,,119.0,,,,,,,,,,,,,,,,,132.0,,,,,,102.0,,,,,,,,,,,,,,,134.0,,,,,,,,,,121.0,,,,,,,,,,,,,,,,,,,126.0,,,,,,,,,126.0,,,,,,,,,,,,,,,99.0,,,,,,,,,,,97.0,,,,,,,,,,,,,,,,,,,,,,110.0,,,,,,,,132.0,,,,,,,,,,,,,,,,,,,,,,,,,,,,,,126.0,,,,,,,,,,,,,,,,,,,,,,,,,,,,,,,,,111.0,,,,,110.0,,,,,,,,,,,,,,,96.0,,,,,,,,,,,,,,,,,,,128.0,,,,,,,,,,,,,,103.0,,,,,,,,,,,,,,,,,114.0,,,,,,,,,,,,,,,129.0,,,,,,,,,,,,,,,,,128.0,,,,,,89.0,,,,,,,,,,,,,105.0,,,,,,,,,,,,,,,,,89.0,,,,,,,,,,,,,,,91.0,,,,,,,,,,,,,,,,,113.0,,100.0,,,,,,,,,,,,,,,,,,131.0,,,,,,,,,,,,,,102.0,,,,,,,,,,,,,,,,98.0,,,,,,,,,117.0,,,,,,,,,,104.0,,,,,,,,,,,,,,,,122.0,,,,,,,,,,,,,,,,,,,,,,117.0,,,,,,,,,,,,,,,,,,,,,,,119.0,,,,,,,,,,,,,,,,,,,,,,,,,,,,,,114.0,,,,,,139.0,,,,,,,,,,,113.0,,,,,,,,,,,,,,109.0,,,,,,,,,,,,,,,,,,,91.0,,,,,,,124.0,,,,,,,,,,,,,,,,,,118.0,,,,,,,,,,,,112.0,,,,,,,,,,,,,,110.0,,,,,,,,,,,,,,121.0,,,,,,,128.0,,,,,,,,,,,,,,,,,105.0,,,,,,,,,,,,,,,,92.0,,,,,,,,,115.0,,,,,,,,,,,,,,,,103.0,,,,,,,,,,,,109.0,,,,,,,,,,,,,,,,,,,,,,,,,,,,,,,,,,,91.0,,,,,,,,,,,,,,,,,,,,,,,,,,,,,,,,,,,,,5,Chicago Bulls,CHI
5,,,,,,,,,,,,,,,,,,,,,,,,105.0,,,,,,,,,,,,,,,,,,,,,128.0,,,,,,,,,,117.0,,,,,,,,,,,,,,,,,,,,103.0,,,,,,,,,,,,,,,132.0,,,,,,,,,,,,,,,,,121.0,,,,,,,,,,,,,,,,,,,,114.0,,,,,,,,,,,,,,,,112.0,,,,,,,,,,,,,114.0,,,,,,,,,,,,,,,,,,117.0,,,,,,,,,,,,,120.0,,,,,,101.0,,,,,,,,,,,,,,,,,,124.0,,,,,,,,,,,,,,,,,,,98.0,,,,,,,,,,,,,,,,132.0,,,,,,,,,,113.0,,,,,,,,,114.0,,,,,,,,,,,,,,,114.0,,,,,,,,,,,,102.0,,,,,,,,,,,,,,,,,,,,,,102.0,,,,88.0,,,,,,,,,,,,,113.0,,,,,,,,,,,,,,,,,,,,107.0,,,,,,,,,,,,,,,81.0,,,,,,,,,,,,116.0,,,,,,,,,,,,,,,,,,,,,,,95.0,,,,,,110.0,,,,,,,,,,,,,,111.0,,,,,,,,,,,,,,,,105.0,,,,,,,,,,,,,,,118.0,,,,100.0,,,,,,,,,,,,,122.0,,,,,,,,,,,,,,,114.0,,,,,,,,,,,,,,,,,107.0,,,,,,,,,,,,,,,,,,117.0,,,,,,,,,,,,,,,,,,,,,,,126.0,,,,,,,,,,,,,103.0,,,,,,,,,,,,,,,145.0,,,,,,,,,,,,,,,,,,90.0,,,,,,,,,,,,,,,,,108.0,,,,,,,,,,,,,,112.0,,,,,,,,,,,,,114.0,,,,,,,,,,,,,119.0,,,,,,,,,,,,,,,,,,102.0,,,,,,,,,,,,,113.0,,,,,,,,,,,114.0,,,,,,,,,,,,,114.0,,,,,,,,,114.0,,,,,,,,,,,,,,,,,,,,103.0,,,,,,,,,,,,,,,,,,,,113.0,,,,100.0,,,,,,,,,,,,,,,,,,122.0,,,,,,,,,,97.0,,,,,,,,,,,,,,,,,128.0,,,,,,,,,,,,,,,,,,,,,,122.0,,,,,,,,,,114.0,,,,,,,,113.0,,,,,,,,,,,,,,,,,,118.0,,,,,,,,,97.0,,,,,,,,,,117.0,,,,,,,,,,,,,,,,,,112.0,,,,,,,,,,,,109.0,,,,,,119.0,,,,,,,,,,,,,,,,,,,,,118.0,,,,,,,,,,,,,,,,,,,,113.0,,,,,,,,,,,,,,,,,,,,,,,,,114.0,,,,,,,,,,,,,118.0,,,,,,,,,,,104.0,,,,,,,,,,,,,,,,,,115.0,,,,,,,,,,,,,,,114.0,,,,,,,,,,,120.0,,,,,,,,,,109.0,,,,,,,,,117.0,,,,,,,,,,,,,,,,,,,,,,,,,,,,,115.0,,,,,,,,,,,,,,,,,,,116.0,,,,,,,,,,,,,,,,,,,,,,108.0,,,,,,,,,,,,118.0,,,,,,,,,,,,,,,,,,,,116.0,,,,,,,,,,,,,,,,,,,,,,,115.0,,,,117.0,,,,,,,,,,,,,,,,,,,,,,,118.0,,,,,,,,,,,,,,,,95.0,,,,,,,,,,,,,,,,,,,,97.0,,,,,,,,107.0,,,,,,,79.0,,,,,93.0,,,,,95.0,,,,,,,,,,,,,,,,,,,,,,,,,,,,,,,,,,,,,,,,,,,,6,Cleveland Cavaliers,CLE
6,,,,,,,,,,,,,,,,,,,,,,,,,,,105.0,,,,,,,,,,,,,,,,,,,,,,,,,137.0,,,,,,,,,,,,,,,,,,,111.0,,,,,,,,,,,129.0,,,,,,,,,,,,,,,,,,,,111.0,,,,,,114.0,,,,,,,,,,,,,,,,,,,,103.0,,,,,,,,,,,111.0,,,,,,,,,,,,,,,,,,,,,,,,,,,,,,,,96.0,,,,,87.0,,,,,,,,,,,,,105.0,,,,,,,,,,,,,,,,,,117.0,,,,,,,,,,,,,,,,,,,103.0,,,,,,,,,92.0,,,,,,,,,127.0,,,,,,,,,,,,,,97.0,,,,,,,,,,,,,,,,,,,,,,,,112.0,,,,,,,,,,,,,,,,,,,,,,,100.0,,,,,,,,115.0,,,,,,,,,,,,,116.0,,,,,,,,,,,,,,,125.0,,,,,,,,,,,,121.0,,,,,,,,,,,,,,,,,,,,,,130.0,,116.0,,,,,,,,,,,,,,,,,105.0,,,,,,,,,,115.0,,,,,,,,,,,,,,,,,,,,121.0,,,,,,,,,,,,,90.0,,,,,,,,,,,,,,,,130.0,,,99.0,,,,,,,,,,,,,,,,,,,106.0,,,,,,,,,,,,,104.0,,,,,,,,,,,,112.0,,,,,,,,,,,,,124.0,,,,,,,,,,,,,,,,126.0,,,,,,,,,,,129.0,,,,,,,,,,,,,,,,,,,,,,126.0,,,,,,,111.0,,,,,,,,,,,,,,,,,,,,,,,95.0,,,,,,,,,,,,,,,,,,127.0,,,,,,,,109.0,,,,,,,,,,,,101.0,,,,,,,,,,,,,,119.0,,,,,,,,,,,,,,,,,119.0,,,,,,,,,,123.0,,,,,,,,,,,,,,,,,,,,,,122.0,,,,,,,,,115.0,,,,,,,,,,,,,,,,,,98.0,,,,,,,,,,,,,126.0,,,,,,,,,,,,,,,,,99.0,,,,,,,100.0,,,,,,,,,,,,,,,,,,111.0,,,,,,,,,,,,,,,,,,,,,,,,,111.0,,,,,,,,,,,,,,113.0,,,,,,,,,,,,,,124.0,,,,,,,,,,,,,110.0,,,,,,,,,,,,,,,,,122.0,,,,,,,,,,,,128.0,,,121.0,,,,,,,,,,,,,,,,,,,,,,,,,109.0,,,,142.0,,,,,,,,,,,,,,,,,,,,,,,,,,,,108.0,,,,,,,,,,,,,122.0,,,,,,,,,,,,,,,,,,133.0,,,,,,,,,,,,,,,,,,,,126.0,,,,,,,,,,,,,,,,,120.0,,,,106.0,,,,,,,,,,,,,,,,,,,,,,,,,,,108.0,,,,,,,,,,,88.0,,,,,,,,,,,137.0,,,,,,,,,,,,,,,111.0,,,,,,,,,,,,,,,,,,,,,,,108.0,,,,,,,,,,,,,,,,,125.0,,,,,,,,,,,109.0,,,,,,,,,,,,,,,,104.0,,,,,,,,,,,,127.0,,,,,,,,,108.0,,,,,,,,,,,,,,,,,,,,,,,,122.0,,,,,,,,130.0,,,,,,,,,,,,,,,,,,,,,,,,123.0,,,,,,,,,,,112.0,,,,,,,,,,,,117.0,,,,,,,,,,,,,,,,,,,,,,,,,,,,,,,,,,,,,,,,,,,,,,,,,,,,,,,,,,,,,,,,,,,,,,,,,,,,,,,,,,,,,,,,7,Dallas Mavericks,DAL
7,132.0,,108.0,,119.0,,113.0,,,,,104.0,108.0,109.0,108.0,94.0,,,,,,,,,,,,,102.0,,,,,,,,,,128.0,,,,,,,,,,,122.0,,,,,,,,,,,,,,,,,110.0,,,,,,110.0,,,,,,,,,,,,,,,,,,,,117.0,,,,,,,,,,,,,,,,110.0,,,,,,,,,,,,,,,,,,,,,,,,,,122.0,,,,,,,,,,,,,,,,126.0,,,,,,,,,,,,,,,,,,,115.0,,,,,,,,,122.0,,,,,,,,,,,,,,,,112.0,,,,,,,,,,,,,,126.0,,,,,,,,,,,,,,,,,,,,,,,,,103.0,,,,,,,,,,99.0,,,,,,,,,,,,,,98.0,,,,,,,,,,,,,,,108.0,,,131.0,,,,,,,,,,,,,,,,,,,,,,,,,114.0,,,,,,,,,,,,,,,,,,,,,,,129.0,,,,,,,,,,,,,120.0,,,,,,109.0,,,,,,,,,,,,,,,,,,,106.0,,,,,,,,,,,,,,,115.0,,,,,,,,,,,,,,,121.0,,,,,,,,,,,,,,,,,115.0,,,,,,,,,,,,,,,,,,,,,141.0,,,,,,,,,,,,,,,108.0,,,,,,,,,,,,,,,,119.0,,,,,,,,,,,,,,,,,,105.0,,,,,,,,,,,,,,,,,,,,,,,,,,120.0,,,,,,128.0,,,,,,,,,,,,,,,,,113.0,,,,,,,,126.0,,,,,,,,,,124.0,,,,,,,,,,,,,,,,,,,123.0,,111.0,,,,,,,,,,,,,,,,,,,,,,,,,,,122.0,,,,,,,,,,,121.0,,,,,,,,,,,,,,,,,,,122.0,,,,,,,,,,,126.0,,,,,,,,,,,,,,,115.0,,,,,,,,,,,,,,,,119.0,,,,,,,,,,,,,,,,,,122.0,,,,,,,,122.0,,,,,,,,,,,,,134.0,,,,,,,,,,,99.0,,,,,,,,,,,,,,99.0,,,,,,,,,,,,,99.0,,,,,,,,,,,,,,,,,,,119.0,,,,,,,,,,,,,,,,,,,,122.0,,,,,,,,,,,,,134.0,,,,,,,,,,,,,,,128.0,,,,,,,,,,,98.0,,,,,,,,,,,146.0,,,,,,,,,,,,,,,,,104.0,,,,,,,,,,,,,,,,,,,119.0,,,,,,,,112.0,,,,,,,,,,,,,,,,,,,,,,118.0,,,,,,,115.0,,,,,,,,,,,,,,,,,,,,94.0,134.0,,,,,,,,,,,,,,,133.0,,,,,,,,,,,,,,,,,,,,,,,,,,,113.0,,,,,,,,,,,,,,,,,,,,,118.0,,,,,,,,,,,,,,,96.0,,,,,,,,,,,,,120.0,,,,,,,,,,,,,,120.0,,,,,,,,,,,,,,,,,110.0,,,,,,,,,,,,119.0,,,,,,,,,,,,,110.0,,,,,,,,,,,,,108.0,,,,,,,,,,,,,,,118.0,,,,,,,,,,,,,,,,,,,,,,,,129.0,,,,,,,,,,,,,,116.0,,,,,,,,,,,,,,,,,,,,,,,88.0,,,,,,,,,,,,,,93.0,,,,,,,,,,,,,,,112.0,103.0,,,,,,,,,,,,,,,,,,,,,,115.0,,,,,,,,,,,,,,,114.0,,,,,,,,,,,,,,109.0,,,,,,,,,,,,,,,,,,,,,,,,,,,,,,,,,,,,,,,,,,,,,,,,109.0,122.0,120.0,108.0,112.0,125.0,97.0,114.0,124.0,118.0,125.0,,,,,,,,,,,,,,,,,,,,8,Denver Nuggets,DEN
8,,,,,,,,,,,,,,,,,,,,113.0,,,,,,,,,,,,,,106.0,,,,,,,,,,,,,,115.0,,,,,,,,,,,,,,,,,,,,,99.0,,,,,,,,,,,,113.0,,,,,,,,,,,112.0,,,,,,,,,,,,,,128.0,,,,,,,,,108.0,,,,,,,,91.0,,,,,,,,,,,,,,,,,,,,88.0,,,,,,,,,,,,,,,,,,,,,,,,,,112.0,,,,,,112.0,,,,,,,,,,,,,,,,,,,,,,,112.0,,,,108.0,,,,,,,,,,,,,,,,,111.0,,,,,,,,,,,,,,,,,,91.0,,,,,,,,,,,,,121.0,,,,,,,129.0,,,,,,,,,,,,,,,,110.0,,,,,,,,,,,,,125.0,,,,,,,,,,,,102.0,,,,,,,,,,,,,,,,94.0,,,,,,,,,,,,,110.0,,,,,,,,,,,,,,131.0,,,,,,,,,,,,,,,,,,,,,,,,112.0,,,,,,,,,,,116.0,,,,,,98.0,,,,,,,,,,,,,,,103.0,,,,,,,,,,,,,,117.0,,,,,,,,,,,,,,,,,,,,,,,,,,,141.0,,,,,,,,,,,,113.0,,,,,,,,,,,,,,,,,121.0,,,,,,,,,,,111.0,,,,,,,93.0,,,,,,,,,,,,,,,,,,,105.0,,,,,,,,,,,,,131.0,,,,,,,,,,,,,,,,,,121.0,,,,,,,,,,,,,,118.0,,,,,,,,,,,116.0,,,,,,,,,,,,,,106.0,,,,,,,,,,122.0,,,,,,,,,,,,,,109.0,,,,,,,,,,,,,,,,,111.0,,,,,,,,,,,,,116.0,,,,,,,,,,135.0,,,,,,,,,,,,,110.0,,,,,,,,,,,,,,104.0,,,,,,,,,,,,,,,,,,,,,,,,,,,,,108.0,,,,,,,,,,,,,,,,,,,,,,,,,,,,130.0,,,,,,,,,,,,,,,,,,,,,,,,,,130.0,,,,,,,,,,,,114.0,,,,,,,,,,,,,,,105.0,,,,,,,,,,,,117.0,,,,,,,,,,,,,,,,,,,118.0,,,,,,,100.0,,,,,,,,,,,,,,99.0,,,,,,,,,,,85.0,,,,,,,,,,,,,,,,138.0,,,,,,,,,,,,,,,,,118.0,,,,,,,,,,,,,,,,,,,109.0,,,,,,,,,,,,,,,,,,,,106.0,,,,,,,,,91.0,,,,,,,,,,,,,,,,,,,106.0,,,,,,,,,,,,,,,,,,115.0,,,,,,,,,,,,,,,,,,,,,90.0,,,,,,,,,,,,,,,,,104.0,,,,,,,,,,,,,,103.0,,,,,,,,,,,,,,,115.0,,,,,,,,,,,,,,,,,,117.0,,,,,,97.0,,,,,,,,,,,,,100.0,,,,,,,,,,,,,,,,,,,,,100.0,,,,,,,,,,,,,,107.0,,,,,,,,,,,,,,,,,,,,97.0,,,,,,,,,,,,,,,,,,,,,,,117.0,,,,,,,,,,,,,,,,,,,106.0,,,,,,,,,,,,115.0,,,,,,,,,,,,,,,,,,,102.0,,,,,,105.0,,,,,,,,,,,108.0,,,,,,,,,,,,,,,,,,,,,,122.0,,,,,,,,,,81.0,,,,,,,,,,,,,,,,,,,,,,,,,,,,,,,,,,,,,,,,,,,,,,,,,,,,,,,,,,,,,,,,,,,,,,,,,,,,,,,,,,,,9,Detroit Pistons,DET
9,,,,,,,,,,,,,,,,,,123.0,,,,,,,,,,,,,,,,,,,,,123.0,,,,,,,,,,,,,,,,,,,,130.0,,,,,,,,,,,105.0,,,,,,,,,,,,,,123.0,,,,,,,,,,,,,,,113.0,,,,,,,114.0,,,,,,,,,,,,,,,109.0,,,,,,,,,,,,,129.0,,,,,,,,,,105.0,,,,,,,,,,,,,,,,,,,,,,,,,,,,,116.0,,,,,,,,,,,,,,,,,,,,106.0,,,,,,,,,,,,,,,,,,,115.0,,,,132.0,,,,,,,,,,,,,,,,,,,,119.0,,,,,,,,,,,,111.0,,,,,,,,,,,,,,127.0,,,,,,,,,83.0,,,,,,,,,,,,,,,,124.0,,,,,,,,,,,,129.0,,,,,,,,,,,,,137.0,,,,,,,,,,,,,,113.0,,,,,,,,,,,,,,,,,,,,,,,,,,119.0,,,,,,,120.0,,,,,,,,,,104.0,,,,,,,,,,,123.0,,,,,,,,,,,,,,,,,,,,,,,,,,123.0,,,,,,,,,,,,,,,,,,,111.0,,,,,,,,119.0,,,,,,,,,,,,,,,,,,106.0,,,,,,,,,,,,,126.0,,,,,,,,,,,,,94.0,,,,,,,,,,,,,113.0,,,,,,,,,,,,,,,,,,,,123.0,,,,,,,,,,,,,,,,,,,,110.0,,,,,,,,112.0,,,,,,,118.0,,,,,,,,,,,,,,,,,,,,,143.0,,,,,,,,,,,,,,,,,,119.0,,,,,,,,,,,,,,,,,,,,,,,,,101.0,,,,,,,,,,,,,,,,,,,,,,113.0,,,,,,,,,,,,,,,,,,,,,,,144.0,,,,,,,,,,118.0,,,,,,,,,,127.0,,,,,,,,,,,,,,,,,,,,,,118.0,,,,120.0,,,,,,,,,,,,,,,,,116.0,,,,,,,,,,,,,,,,,,,,,,,,,122.0,,,,,,,,,,129.0,,,,,,,,,,,,,,,,,,,,,128.0,,,,,,,,,,,,,,,,,,,114.0,,,117.0,,,,,,,,,,,,,,,,,,,119.0,,,,,,,,,,,,,,,,,141.0,,,,,,,,,122.0,,,,,,,,,,,,,,,,,,,,,,,,103.0,,,,,,,,,,135.0,,,,,,,,,,,,,,124.0,,,,,,,,,,,,,,,,,,,111.0,,,,,,,,,,,116.0,,,,,,,,,109.0,,,,,,,,,,,,,,,,,,,,,123.0,,,,,,,,,,,,115.0,,,,,,,,,,,108.0,,,,,,,,105.0,,,,,,,,,,,,,,,,128.0,,,,,,,,,,,,,,,,110.0,,,,,,,,,125.0,,,,,,,,,,,,,,,,,123.0,,,,,,,,,,,,,,,,,126.0,,,,,,,,,,,,,,119.0,,,,,,,,119.0,,,,,,,,,,,,,,,,121.0,,,,,,,,,,,,,,127.0,,,,,,,,,,120.0,,,,,,,,,,,,,96.0,,,,,,,,,,,,,,,,,,,120.0,,,,,,,,,,,,,,,,,,,,,,,,,,130.0,,,,,,,,,,,,,,,,,110.0,,,,,,,,,,,,136.0,,,,,,,,,,,,,,,,,,,,,,119.0,,,,,,,,,,,,,,,,,,,157.0,,,,,,,,,123.0,,,,,106.0,,,,,,114.0,,,,,,,,,126.0,,,,,,123.0,,,99.0,120.0,,,,,,,,,,,,,,,,,,,,,,,,,,,,,,,,112.0,127.0,97.0,101.0,121.0,101.0,10,Golden State Warriors,GSW
10,,,,,,,,,,,,,,,,,,,,,,107.0,,,,,,,,,,,,,,,,122.0,,,,,,,,,,,,,105.0,,,,,,,,,114.0,,,,,,,,,,,,,,,,,,,,101.0,,,,,,,,,,,,,,,,111.0,,,,,,,,,109.0,,,,,,,93.0,,,,,,,,,,,,,,,,,,101.0,,,,,,,,,,,,,,,,,,,,,,,117.0,,,,,,,,,,,,,,134.0,,,,,,,,,,,,,109.0,,,,,,,,,,,,,,,,,,,,,,,,106.0,,,,,,,,,,,106.0,,,,,,,,,,,,,,,,,,,,101.0,,,,,,,,,,,,,,91.0,,,,,,,,,,,,,120.0,,,,,,,,,,,,,,,,,,,,,,,,,,,,,,,,128.0,,,,,,,,,118.0,,,,,,,,,,,,,,,,,,,,,113.0,,,,,,,,,,,,,100.0,,,,,,,122.0,,,,,,,,,,,,,,,101.0,,,,,,,,,,,,,132.0,,,,,,,,,,,,,,,,,,,109.0,,,,,,,,,,,,,,,,,,,,,,,,,,97.0,,,,,,,,,,,111.0,,,,,,,,,,,,108.0,,,,,,,,,,,,,,,,,95.0,,,,,,,,,,,,,105.0,,,,,,,,,,,,,,,,,110.0,,,,,,,,,,,,,106.0,,,,,,,,,,,,,,133.0,,,,,,,,102.0,,,,,,,,,,,,,,,,,,114.0,,,,,,,,,,,,,,,,,,,88.0,,,,,,,,,,106.0,,,,,,,,,,,,,,,,,108.0,,,,,,,,,114.0,,,,,,,,,,,,,,,,,,,96.0,,,,,,,,,,,,,,,,,,,,,,115.0,,,,,,,,,,,,114.0,,,,,,,,,,,,,,,,,,,100.0,,,,,132.0,,,,,,,,,,,,,,,,,,117.0,,,,,,,,,,,,,,,,,,104.0,,,,,,,,,,,,,,,119.0,,,,,,,,,,,,,,,,,103.0,,,,,,,,,95.0,,,,,,,,,,,117.0,,,,,,,,,,,,,,,,,,,,,,,,,,,,,,,112.0,,,,,,,,,,,111.0,,,,,,,,,,,,,,,121.0,,,,,,,,,120.0,,,,,,,,,,,,,,,,,,,,128.0,,,,,95.0,,,,,,,,,,,,,,,,,,,,,,,,,,104.0,,,,,,,,,,,,,,,,,,,96.0,,,,,,,,,,,,,,,,,,,,,,101.0,,,,,,,,,,,,,,,114.0,,,,,,,,112.0,,,,,,,,,,,,,,99.0,,,,,,,,,,,,,,,,,,,,122.0,,,,,,,,142.0,,,,,,,,,,,,,,96.0,,,,,,,,,,,,,,,125.0,,,,,,,,,,,,,,,111.0,,,,,,,,,,,111.0,,,,,,,,,,,,,,,114.0,,,,,,,,,,,,,,114.0,,,,,,,,,,,,,107.0,,,,,,,,,,,,108.0,,,,,,,,,,,,,125.0,,,,,,,,,,,,,114.0,,,,,,,,,,,,,,,,91.0,,,,,,,115.0,,,,,,,,,,,,,,,,,,,114.0,,,,,,,,,121.0,,,,,,,,,,,109.0,,,,,,,,,,,,124.0,,,,,,,,,,,,,,,,,,,,,,,,,,,,,,,,112.0,,,,,,,,,,,,,,114.0,,,,,,,,,,,,,,,,,,,,,,,,,,,,,,,,,,,,,,,,,,,,,,,,,,,,,,,,,,,,,,,,,,,,,,,,,,,,,,,,,,,11,Houston Rockets,HOU
11,,,,,,,,,,,,,,,,,,,107.0,,,,,,,,,,,,,,,,134.0,,,,,,,,,,,,,124.0,,,,,,,,,,,,,,,,,106.0,,,,,,,,,,,,109.0,,,,,,,,,,,,127.0,,,,,,,,,,,,,,125.0,,,,,,,,,,109.0,,,,,,,,,,,,,,,,,,,,,,,101.0,,,,,,,,,,,,,,,,,,,,,,,,,,,129.0,,,,,,,,,,,,,,,,119.0,,,,,,,,,,,,,,,,,,,,,,,,,,,118.0,,,,,,,,,,,,,,,,,,,,,,,125.0,,,,,,,,,,,,,,,,,,,,99.0,,,,114.0,,,,,,,,,,,,,,,123.0,,,,,,,,,,,101.0,,,,,,,,,,,,128.0,,,,,,,,,,,,,,,,100.0,,,,,,,,,,,,,,,116.0,,,,,,,,,,,,,,,,114.0,,,,,,,,,,,119.0,,,,,,,,,,,,,,,,,,100.0,,112.0,,,,,,,,,,,,,,,,,115.0,,,,,,,,,,,,,121.0,,,,,,,,,133.0,,,,,,,,,,,,,,82.0,,,,,,,,,,,125.0,,,,,,,,,,,,,,,,,,,112.0,,,,,,,,,,,,,,106.0,,,,,,,,,,,,,,,,,,,,,,,117.0,,,,,,,,,,,,,111.0,,,,,,,,,,,,,93.0,,,,,,,,129.0,,,,,,,,,,,,,,,,,,,135.0,,,,,,,,,,,,131.0,,,,,,,,,,,,,,122.0,,,,,,,,,,,,,,,,,,,,,126.0,,,,,,,,,,,,,,,108.0,,,,,,,,,,,,116.0,,,,,,,,,,,,,,,,,,,,,,,,113.0,,,,,,,,,,,,,111.0,,,,112.0,,,,,,,,,,,,,,,,,,119.0,,,,,,,,,,,106.0,,,,,,,,,,,,,,,,,,,111.0,,,,,107.0,,,,,,,,,,,,,,,,,,,,,,116.0,,,,,,120.0,,,,,,,,,,,,,,,,,131.0,,,,,,,,,,,,,,100.0,,,,,,,,,,,,,,,,,,,,,,,,,,,111.0,,,,,,,,,,,107.0,,,,,,,,,,,,,103.0,,,,,,,,,,,,,,,,,,,,,,,,111.0,,,,,,,,,104.0,,,,,,,,,,113.0,,,,,,,,,,,,,,,,,,,117.0,,,,,,,,,,,,,,,117.0,,,,,,,,,,,138.0,,,,,,,,,,,,121.0,,,,,,,,,,,,,,,,,,,,,,,124.0,,,,,,,,,,,,,,,,99.0,,,,,,,,,,,,,,,,,,,,,,,125.0,,,,,,,,,,143.0,,,,,,,,,,,,,,,,,,,,134.0,,,,,,,,,,,121.0,,,,,,,,,,,,,,,,,,97.0,,,,,,,,,,,,,,,,,139.0,,,,,,,,,,,,,121.0,,,,,,,,,,,,,,,,109.0,,,,,,,,,,,,,,,,118.0,,,,,,,,,,,,,,,,95.0,,,,130.0,,,,,,,,,,,,,,,,,,,,,,104.0,,,,,,,,,,,136.0,,,,,,,,,,,,,,,121.0,,,,,,,,,,,,,,,,,,105.0,,,,,,,,,,,,,,,,,,,,129.0,,,,,,,,,,,,,,,,,,115.0,,,,,,,,,,,,,,141.0,,,,,,,,,,,,,,,,,,,,,,,,,,,,,,,,,,,,,,,,,,,,,,,,,,,,,,,,,,,,,,,,,,,,,,,,,,,,,,,,12,Indiana Pacers,IND
12,,,,,,,,,,,,,,,,,,,,,,,,,,,,,,,103.0,,,,,,,,,,,,,,,,,,111.0,,,,,,,,95.0,,,,,,,,,,,94.0,,,,,,,,,,,,,,,,,110.0,,,,,,,,,,,,,,,,,,,91.0,,,,,,,,95.0,,,,,,,,,,,,,,,,,,109.0,,,,,,,,,,,,113.0,,,,,,,,,,,,,,,,102.0,,,,,,,,,,,,,,,,119.0,,,,,,,,,,,,114.0,,,,,,,,,,,,,,95.0,,,,,,,,,,,,,,,122.0,,,,,,,,,,,101.0,,,,,,,,,,,96.0,,,,,,,,,,,,,,,,,119.0,,,,,,,,,,121.0,,,,,,,,,,,,,,,,,,,,,,,107.0,,,,,,,,,,,,,,104.0,,,,,,114.0,,,,,,,,,,,,,,,,,,118.0,,,,,,,,,,,,,,112.0,,,,,,,,,,,,,,,,96.0,,,,,,,,,,,,,119.0,,,,,,,,,,,,,,,,,,,111.0,,,110.0,,,,,,,,,,,,,,,114.0,,,,,,,,,,,,,,,,,,113.0,,,,,,,,99.0,,,,,,,,,,,,95.0,,,,,,,,,,,,102.0,,,,,,,,,,,,,,,,,,,,,,,,,,,,,,,,,,,,,126.0,,,114.0,,,,,,,,,,,,,,,,,,,,,,142.0,,,,,,,,124.0,,,,,,,,,,,,,,,,,,110.0,,,,,,,,,,,130.0,,,,,,,,,,,,,,,,,,,,,,100.0,,,,,,,,,,,,,,,,,,91.0,,,,,,115.0,,,,,,,,,,,,,,,,,,,,108.0,,,,,,,,,,113.0,,,,,,,,,,,,,,,,,,,,103.0,,,,,,,,,,,,,,,,,121.0,,,,,,,,,,,,,,,,110.0,,,,,,103.0,,,,,,,,,,,,,,131.0,,,,,,,,,,,,,,,,,112.0,,,,,,,,,,,,,,,133.0,,,,,,,,,,,138.0,,,,,,,,,,,,,,,,,,120.0,,,,,,,99.0,,,,,,,,,108.0,,,,,,,,,,,,,,,,,,,105.0,,,,,,,,,,134.0,,,,,,,,,,,,,,,,124.0,,,,,,,,,,,,,,,,104.0,,,,,,,,,,,,,,,,,,,,106.0,,,,,,,,,,,,,,,,,,,,,,,,,,,134.0,,,,,,,,,,,,116.0,,,,,,,,,,,,,175.0,,,,,,,,,,,,,124.0,,,,,,,,,,,,,,101.0,,,,,,,,,,,,,,,,,,,,91.0,,127.0,,,,,,,,,,,,,,,,,,,,,,,,135.0,,,,,,,,,,,,,,,,,,,,,108.0,,,,,,,,,,,,,,,106.0,,,,,,,,,,,,,,,,,,,,,,,,,,,,,,,,134.0,,,,,,,,,,,,,,,,,,,,,108.0,,,,,,,,117.0,,,,,,,,,,,,,,,100.0,,,,,,,,,,,,,127.0,,,,,,,,,,,,,,,110.0,,,,,,,,,,,,,,,,,,124.0,,,,,,,,,,,141.0,,,,,,,,,94.0,,,,,,,,,,,,,114.0,,,,,,,,,,,,,,,,,,,,,,,,,,,,,,,,,,125.0,,,,,,,,,,,,,,,,,,,,136.0,,,,,,,,,,,,,,,119.0,,,,,,,,115.0,,,,,,,109.0,,,,124.0,,,,,100.0,,,,,,130.0,,,,,,,,,,,,,,,,,,,,,,,,,,,,,,,,,,,,,,,,,,,,,13,LA Clippers,LAC
13,126.0,,103.0,,108.0,,111.0,,,,,,,,,,,109.0,,,,,,,,,,,,,97.0,,,,,,,,,,,,,,,,,,,,,,104.0,,,,,,,,,,,,,,,,,,,,99.0,,,,,,,,,,,,,,,,,,102.0,,,,,,,,,,,,,,,,,,121.0,,,,,,,,,,,,,,,,,,,,,,,,120.0,,,,,,,,,,,,,,116.0,,,,,,,,,100.0,,,,,,,,,,,,,,,,116.0,,,,,,,,,,,,,,101.0,,,,,,,,,,,114.0,,,,,,,,,,,,,,,,,116.0,,,,,,,,,,,,,,,,,,,,,,,,,,,,,,,,,,,,128.0,,,,,,,,,,,,,123.0,,,,,,,,,105.0,,,,,,,,,,,,,,,,,,,,,,,,,,,,105.0,,,,143.0,,,,,,,,,,,,,,,,,,115.0,,,,,,,,,,,,,,,,,,128.0,,,,,133.0,,,,,,,,,,,,,,,,,,130.0,,,,,,,,,,,,,,,102.0,,,113.0,,,,,,,,,,,,,,,,,122.0,,,,,,,,,,,,,124.0,,,,,,,,,,,,,,,,118.0,,,,,,,,,,,,,,,,,,126.0,,,,,,,,,,,,,,,,,,,,119.0,,,,,,,,104.0,,,,,,,,,,120.0,,,,,,,,,,,,,,,,,,,,,,,,,130.0,,,,,115.0,,,,,,,,129.0,,,,,,,,,,,,,98.0,,,,,,,,,,,,,,,,,130.0,,,,,,,,,,,,,,,,,,,,,121.0,,,,,,,,,,,,,,,,,,112.0,,,,,,,,,,,,,,,,130.0,,,,,136.0,,,,,,,,,,,,,109.0,,,,,,,,,,,,,,,,,,,,115.0,,,,,,,,,,,,,,,,,,,,,,,,,112.0,,,140.0,,,,,,,,,,,,,111.0,,,,,,,,,,,,,,,,,,,,,122.0,,,,,,,,,,,,,121.0,,,,,,,,,,,,,,,,115.0,,113.0,,,,,,,,,,,,,,,,,,,,,121.0,,,,,,,,,,,,,,,,,,,104.0,,,,,,129.0,,,,,,,,,,,,,112.0,,,,,,,,,,,,,,,,,,,126.0,,,,,,,,,,,,,,,,,,,,,130.0,,,,,,,,,,,,,,106.0,,,,,,,,,,,,,,109.0,,,,,,,,,,,,,,,,,,,115.0,,,,,,120.0,,,,,,,,,,,,,,,,,,124.0,,,,,,,,,,,,,,,,,,,,,,,111.0,,,,,,,,,,,,,,,,109.0,,,,,,,,123.0,,,,,,,,,102.0,,,,,,,,,,,,,,,,113.0,,,,,,,,,,,,,,,,,,,,,112.0,,,,,,,,,,,,,,,122.0,,,,,,,,,,,,,,,,,,,,108.0,,,,,,,,,123.0,,,,,,,,,110.0,,,,,,,,,,,,,110.0,,,,,,,,,,,,,,,,111.0,,,,,,,,,,,,,,,,,,122.0,,,,,,,,,,,,,116.0,,,,,,,,,,,,,,,,,,,108.0,,,,,,,,,,,,,,,,,,,,,,,,,,121.0,,,,,,,123.0,,,,,,,,,,,,,,,134.0,,,,,,,,,,,,,,,,,,,,,,135.0,,,,,,,,,118.0,,,,,,,,,,,,,,,,,121.0,,,,,,,,,,,,,,,,,128.0,,,108.0,,,,,,,,128.0,,,,,,93.0,,,,,,,111.0,,,,,117.0,,,,99.0,,,125.0,,,,,,,,,,,,,,,,,,,,,,,,,,,,,,,,,,117.0,100.0,127.0,104.0,106.0,122.0,14,Los Angeles Lakers,LAL
14,,,,,,,,,,,,,,,,,,,,,,,,,115.0,,,,,,,,,,,,,129.0,,,,,,,,,,,,,,96.0,,,,,,,,,,,,,,134.0,,,,,,,,,,,,,,,,,125.0,,,,,,,,,,,,,,,,,,123.0,,,,,,,,,,,,,,,,,105.0,,,,,,111.0,,,,,,,,,,,,,,,,130.0,,,,,,,,,,,,,,,,,,,103.0,,,,,,,,,106.0,,,,,,,,,,,,,,,,,124.0,,,,,,,,,,,114.0,,,,,,,,,,,,92.0,,,,,,,,,,,,,,,102.0,,,,,,,,,,,,,,,,,,,,,,121.0,,,,,,,,,,,,,,115.0,,,,,,,,,,,,,,,,109.0,,,,,,,,,,,,,,,,,,,,132.0,,,,,,,,,,,,,,127.0,,,,,,,,,,,,,,,,,,,,,,,,,,,101.0,,,,,,,,,,,,,,117.0,,,,,,,,,,,,,,,122.0,,,,,101.0,,,,,,,,,,,,,,,123.0,,,,,,,,,,,,114.0,,,,,,,,,,,,,,,,,,,,,,,128.0,,,,,,,,,,,,,,,,,,,,,,142.0,,,,,,,,,,,,,,,,,,109.0,,,,,,,,,,,,,,,,,,,91.0,,,,,,,,,,,,,,,,,,,,,,,,,,,125.0,,,,109.0,,,,,,,,,,,,,,,,,108.0,,,,,,,,,,,,119.0,,,,,,,,,,,,,,,,,,,,,,116.0,,,118.0,,,,,,,,,,,,,,,,,,,,,131.0,,,,,,,,123.0,,,,,,,,,,,,,,,,,,,123.0,,,,,,,,,121.0,,,,,,,,,,,,,,,,,,135.0,,,,,,,,,,,,,,,,,,130.0,,,,,,,,,,,,,,,,,,,,136.0,,,,,,,,,,115.0,,,,,,,,,,,,,,,,,,,121.0,,,,,,,,,,,,,,,110.0,,,,100.0,,,,,,,,,,,,,,,,,120.0,,,,,,,,,,,,,,100.0,,,,,,,,,,,,,112.0,,,,,,,,,,,,,,,,,,,,112.0,,,,,,,,,113.0,,,,,,,,,,,,,,,,,,,,,103.0,,,,,,,,,,,,,,,,104.0,,,,,,,,,,,,,,,,,128.0,,,,,,,,,,,,,,,,,,,,109.0,,,,,,,,,,,,,,,,,,,,,,,117.0,,,,,,,,,105.0,,,,,,,,,,,,,,,,,,,,,112.0,,,,,,,,,,,,,,,,,,,,,121.0,,,,,,,,,113.0,,,,,,,,,,,,,97.0,,,,,,,,,,,,,,,,,,129.0,,,,,,,,,,,,,,103.0,,,,,,,,,,,131.0,,,,,,,,,,,,,,,,,,112.0,,,,,,,,,,,104.0,,,,,,,,,,,,,,,,119.0,,,,,,,,,,,,,126.0,,,,,,,133.0,,,,,,,,,,,,,112.0,,,,,,,,,,,,,,,,130.0,,,,,,,,,,,,,151.0,,,,,,,,,,,,,,,,,,123.0,,,,,,,,,,,,,,,113.0,,,,132.0,,,,,,,,,108.0,,,,,,,,,,,,,,,107.0,,,,,,,,,,,,,,,,,,,,,119.0,,,,,,,,131.0,,,,,,,,,,137.0,,,,,,,,,,,,,,,,,,,,,,,,100.0,,,,,,,,,,,,,,112.0,,,,,,103.0,,,,,,,101.0,,,,,111.0,,,,116.0,,,85.0,,,,,,,,,,,,,,,,,,,,,,,,,,,,,,,,,,,,,,,,15,Memphis Grizzlies,MEM
15,,123.0,,111.0,,128.0,,99.0,97.0,103.0,103.0,93.0,111.0,94.0,95.0,89.0,,,,,,,108.0,,,,,,,,,,,,,,104.0,,,,,,,,,112.0,,,,,,,,,,,,,,,90.0,,,,,,,,,,,119.0,,,,,,,,,,,,110.0,,,,,,,,,,,,,113.0,,,,,,,,,,,,,,,,,,,,,,,,116.0,,,,110.0,,,,,,,,,,,99.0,,,,,,,,,,,,,,,,,,,,,,,,,107.0,,,,,,,,,,,,,,,,,,,,,,,,,,,117.0,,,,,,,,,,,,,,,132.0,,,,,,,,,,,,,,,113.0,,,,,,,,,,104.0,,,,,,,,,,,,,,,,,,,106.0,,,,,,,,,87.0,,,,,,,,,,101.0,,,,,,,,,,,,,,,,,113.0,,,,,,,110.0,,,,,,,,,,,,,,,,106.0,,,,,,,,,,,,,,,,,,,,,,,121.0,,,,,,,,,,,,,120.0,,,,,,,,,,,,,,,,,,,,,,,,,,,,93.0,,,,,,96.0,,,,,,,,,,,,,,115.0,,,,,,,,,,,,,111.0,,,,,,,,,,,,,,,,,,,87.0,,,,,,,,,,,,110.0,,,,,,111.0,,,,,,,,,,,,,,111.0,,,,,,,,,,,,,,,,,,,,,,,,,,103.0,,,,,,,,,,,,,,,,,,,,,,108.0,,,,,,,,,,,,,,,,,,113.0,,,,,,,,,,,,,,112.0,,,,,,,,,,,,119.0,,,,,,,,,,,126.0,,,,,,,,,,,,,,,,,,,110.0,,,,,,,,,,,,,,109.0,,,,,,,,,,,,104.0,,,,,,,,,,,101.0,,,,,,,,,,,,,,112.0,,,,,,,,,,,,,,,,,,,,108.0,,,,,,,,,,,,,111.0,,,,,,,,,,,,,113.0,,,,,,,,,,,,,,,124.0,,,,,,,,,,,,,,90.0,,,,,,,,,,,,,100.0,,,,,,,,,,,,,,,,98.0,,,,,,,,,,,,,,,,,,,,,,,110.0,,,,,,,,,,,,,,117.0,,,,,,,,,,,,,100.0,,,,,,,,,,,,,104.0,,,,,,,,,,,,,,,,,,,,,,115.0,,,,,,,,,,,,,,,,,,,,,,,,,,,,116.0,,,,,,,97.0,,,,,,,,,,,,,,,,107.0,,,,,,,,,108.0,,,,,,,,,,,,,,,105.0,,,,,,,,,,,,,,,,,,,,,,,,99.0,,,,,,103.0,,,,,,,,,,,,,,,,101.0,,,,,,,,,,,,,,96.0,,,,,,,,,,,,,,,,120.0,,,,,,,,,117.0,,,,,,,,,,,,130.0,,,,,,,,,,,,,100.0,,,,,,,,,,,,,,,,,,119.0,,,,,,114.0,,,,,,,,,,,119.0,,,,,,,,,,,,,,,,,,,,138.0,,,,,,,,,,,,,,,,,,99.0,,,,,,,112.0,,,,,,,,,,,,,,,,,,,,,127.0,,,,,,,,,,,,,,,,,,,,,,,,,,100.0,,,,,,,,,,,,,,,,,,,92.0,,,,,,,,,,,,92.0,,,,,,,,,,,,,,,,,,,129.0,,,,,,,,,,,,,,,,118.0,,,,,,,,,,,,,,,,,,,,,,,129.0,,,,,,108.0,,,,,,,,,,,123.0,,,,,,,,,,,,,105.0,,,,,,,,,,,,,,,,,,,,,,,,,,,,,,,,,,,,,102.0,,130.0,122.0,121.0,119.0,128.0,,,,,,,,,,,,108.0,105.0,105.0,109.0,103.0,96.0,,,,,,,,,,,,,,16,Miami Heat,MIA
16,,,,,,,,,,,,,,,,,,,,,,,,,,,,,,,,90.0,,,,,,,,,,,,,,,,,,,125.0,,,,,,,,,,,,,,,,,,,,,,,,,,,,110.0,,,,,,,,,,,,,,,,119.0,,,,,123.0,,,,,,,,,,,,,,,110.0,,,,,,,,116.0,,,,,,,,,,,,,,115.0,,,,,,,,,,,,,108.0,,,,,,,,,,,,,,,98.0,,,,,,,,,,,,,,,,,,,136.0,,,,,,,,,,,,,,,93.0,,,,,,,,,,,,,,,,,,,,,106.0,,,,,,,,,,113.0,,,,,,,,,,,,102.0,,,,,,,,,,,,,,,,,,,,,,,,,,,119.0,,,,,,,,113.0,,,,,,,,,,,,,,,117.0,,,,,,,,,,,,,,,,,,,,,124.0,,,,,,,,,,,,,,,,,,,109.0,,,,,,,,,,,,,129.0,,,,,,,,,,,105.0,,,,,,,,,,,,,,,,,109.0,,,,,,126.0,,,,,,,,,,,,,,,106.0,,,,,,,,,,,,,,,,,,,,,,,92.0,,,,,,,,128.0,,,,,,,,,,,,,,,,,101.0,,,,,,,,,,,,,,,,123.0,,,,,,,,,,,,,128.0,,,,,,,,,,,,,106.0,,,,,,,,,,,,,,,,,,,100.0,,,,,,118.0,,,,,,,,,,,,,,,,,,,,,,,113.0,,,,,,,,,,,,,,,,123.0,,,,,,,,,,,,,,,95.0,,,,,,,,,,,,,,123.0,,,,,,,,,,104.0,,,,,,,,,109.0,,,,,,,,,,,,,,,,,,,,,,,,,,111.0,,,,,,,,,,,,,,,,,,,114.0,,,,,,102.0,,,,,,,,,,,,,95.0,,,,,,,,,,,,,,,132.0,,,,,,,130.0,,,,,,,,,,,,,,,,,,,,,,,,,,,102.0,,,,,,,,,,,,,150.0,,,,,,,,,,,,,,,,,,,,,107.0,,,,,,,,,,,,141.0,,,,,,,,,,,,,,,135.0,,,,,,,,,,,,,,124.0,,,,,,,,,,,,,,,106.0,,,,,,,,,,,,,,,,,123.0,,,,,,,,127.0,,,,,,,,,,,,,,,,,,,,,,,,,,115.0,,,,,,,,,,,119.0,,,,,,,,,,,,,,,,,,,,,,,,,131.0,,,,,,,,,,,,,112.0,,,,,,,,,,,,,,,,128.0,,,,,,,,,,,,,,104.0,,,,,,,,,,,,,,,118.0,,,,,,,,,139.0,,,,,,,,,,,,,,,,,,,130.0,,,,,,,,,,,,,,,117.0,,,,,,,,,,,,134.0,,,,,,,,,,,,,,118.0,,,,,,,116.0,,,,,,,,,,,,,,,,,,,,,,133.0,,,,,,,116.0,,,,,,,,,123.0,,,,,,,,,,,,,,,,,,,,,,,,,,,118.0,,,,,,,,,,,,,,,,,,,130.0,,,,,,,,,,,,,,,,144.0,,,,,106.0,,,,,,,,,,,,,126.0,,,,,,,,,,,,,,,,,,149.0,,,,,,,99.0,,,,,,,,,,,,,,,,,,,,,,,,,,,117.0,,,,,,,,,,,140.0,,,,,,,,,,,105.0,,,,,,114.0,,,,,,,,,,,,,,,,,105.0,,,,,,,,,,,,,,,,,,,,,,,,,,,,,,,,,,,,,,,,,,,,,,,,,,,117.0,138.0,99.0,114.0,126.0,,,,,,,,,,,,,,,,,,,,,,,,,,,,,,,17,Milwaukee Bucks,MIL
17,,,,,,,,,,,,,,,,,,,,,,,,,,115.0,,,,,,,,,,,,,,126.0,,,,,,,,,,,,,,,,,,116.0,,,,,106.0,,,,,,,,,,,,,,,134.0,,,,,,,,,,,,,111.0,,,,,,,,,,,,,,,,,,,,98.0,,,,,,,,,,,107.0,,,,,,,,,,,,,,,102.0,,,,,,,,,,,,,,,,129.0,,,,,,,,,,,,,107.0,,,,,,,,,,,,,,,117.0,,,,,,,,,,,,,,,103.0,,,,,,,,,,,,,,,129.0,,,,,,,,,,,,,,,,,,,,126.0,,,,,,,,,,,,,,,,,,,,,,,,112.0,,,,,,,,,,,105.0,,,,,,,,,,,,,115.0,,,,,,,,,,108.0,,,,,,,,,,,,,,,,,,,,,,,114.0,,,,,127.0,,,,,,,,,,,,,,,,,,,109.0,,,,,,,,,,,,,,,,,,,,,128.0,,,,,,,,,,,,,,,,,,,,,,,,,,,,,121.0,,,,,,,,,,,,,,,,118.0,,,,,,,,118.0,,,,,,,,112.0,,,,,,,,,,,,,88.0,,,,,,,,,,,,,,,,,,112.0,,,,,,,,,,,,,150.0,,,,,,,,,,,,,116.0,,,,,,,,,,,,,99.0,,,,,,,,,109.0,,,,,,,,,,,,,,,,,,,,,,,110.0,,,,,,,,,,,118.0,,,,,,,,,,,,,,,,,114.0,,,,,,,,,,,,104.0,,,,,,,124.0,,,,,,,,,,,,,,,113.0,,,,,,,,,,,,,,,,,,128.0,,,,,,,,,,,,,,104.0,,,,,,,,,,,,,,,,,,,,,,,,118.0,,,,,,,,,,,,,,121.0,,,,,,,,,,,110.0,,,,,,,,,,,,,,,125.0,,,,,,,,,,,,,,118.0,,,,,128.0,,,,,,,,,,,113.0,,,,,,,,,,,,,,,114.0,,,,,,,,,,,,,,,,,,,,,111.0,,,,,,,,,,,,111.0,,,117.0,,,,,,,,,,,,,,,,,,,,111.0,,,,,,,,,,,,,119.0,,,,,,,,,,,120.0,,,,,,,,,,,,,,,,,,128.0,,,,,,,,,,,112.0,,,,,,,,,,143.0,,,,,,,,,,107.0,,,,,,,,,,,,,,,,,,,,,124.0,,,,,,,,,,,,,,,,,,,,,,,,,,,,106.0,,,,,,,,,,,,,,,113.0,,,,,,,,,,,104.0,,,,,,,,,,,,,108.0,,,,,,,,,,,,,,,,,,,,,,,110.0,,,,,,,,,,,138.0,,,,,,,,,,,,,,,,,,,,,,94.0,,,,,,,,,,,,,,,,,,123.0,,,,,,,,,,,,,,,,,,,,,,,,,136.0,,,,,,,,,,,,,102.0,,,,,,,,,,,131.0,,,,,,,,,,,,,,107.0,,,,,,,,,,,,,140.0,,,,,,,,,,,,,,,,,,125.0,,,,,,,,,,,,,,,,,,,,,99.0,,,,,,,,,,,119.0,,,,,,,,,,,,100.0,,,,,,,,,,,,,111.0,,,,,,,,,,,,,,,,,,,,105.0,,,,,,,,,,,,,107.0,,,,,,,,,,,,,,,,,,,,,,,,,,,,,,,,151.0,,,,,,,,,,113.0,,,,,,,,102.0,,,,,,,,,,,,,,,,,,,,,,,,,,,,,,,,,,,,,120.0,,,,,,80.0,113.0,111.0,114.0,109.0,,,,,,,,,,,,,,,,,,,,,,,,,,18,Minnesota Timberwolves,MIN
18,,,,,,,,,,,,,,,,,,,,,130.0,,,,,,,,,,,,,,,,,,,,124.0,,,,,,,,,,,,,,,121.0,,,,,,,,,,,,,,,113.0,,,,,,,,,,,,,,,111.0,,,,,,,,,,,,,,,,,,112.0,,,,,,,,,,,,,,,,,,,,,,,,,,,,,117.0,,,,,,,,,,,114.0,,,,,,,,,,121.0,,,,,,,,,122.0,,,,,,,,,,,,,,,,,,,,115.0,,,,,,,,95.0,,,,,,,,,,,,,119.0,,,,,,,,,,,,,,,,,,,113.0,,,,124.0,,,,,,,,,,,,,,109.0,,,,,,,,,,,,,,,,,,,,,,,,,,,,,,128.0,,,,,,,,,,,,,,129.0,,,,,,,,,,111.0,,,,,,,,,,,,,,,,,,,,,,,,,,,,105.0,,,,,,,,,,,,126.0,,,,,,,,,,,117.0,,,,,,,,,,,,,,,,121.0,,,,,,,,,,,,,,,,,,,,104.0,,,,,,,,,,,,,,,,,,128.0,,,,,,,,,,,,,,,129.0,,,,,,,,,,,100.0,,,,,,,,,,,,,,,129.0,,,,,,,,,,,,,,,,,,114.0,,,,,,,,,,,,119.0,,,,,,,,,,,,,,,,,,,,,,126.0,,,128.0,,,,,,,,,,,,,,,,,,,113.0,,,,,,,,,,,,,,,,119.0,,,,,,,,,,,,,,,,127.0,,,,,,,,,,,,,,101.0,,,,,,,,,,,,111.0,,,,,,,,,,,,,119.0,,,,,,,,,,,,,,,102.0,,,,,,,,,117.0,,,,,,,,,,,,,,,132.0,,,,,,,,,,,,114.0,,,,,,,,,,,,,,116.0,,,,,,,,,,,,,,,,,,,,,,,,,103.0,,,,,,,,,,,,98.0,,,,,,,,,,,,,110.0,,,,,,,,,,,,,,96.0,,,,,,,,,,,,,,,98.0,,,,,,,,,,,,,,102.0,,,,,,,,,,,,,,,,,103.0,,,,,,,,,110.0,,,,,,,,,,,,113.0,,,,,,,,,,,,,,,,,,106.0,,,,,,,,,,,,,,,131.0,,,136.0,,,,,,,,,,,,,,,116.0,,,,,,,,,,,,,,,,,,,,,,,107.0,,,,,,,,,,,,,,,,,,,,,,,,,103.0,,,,,,,,102.0,,,,,,,,,,,,,,,,,110.0,,,,,,,,,,,,,,,,,,106.0,,,,,,,,,,,,93.0,,,,,,,,,,,,,121.0,,,,,,,,,,,,,,,,,,,,,,99.0,,,,,,,,,,,,,,,,,,,,108.0,,,,,,,,,,,113.0,,,,,,,,,,,,,,,,,,,,,,96.0,,,,,,,,127.0,,,,,,,,,,,,108.0,,,,,,,,,,,,,,,,,,,,,,,112.0,,,,,,,,,,,,,117.0,,,,,,,,,,,,,,,,,119.0,,,,,,,,,,,,,115.0,,,,,,,,,,,,,,,,131.0,,,,,,,,,,,,,,,,,124.0,,,,,109.0,,,,,,,,,,,,,,107.0,,,,,,,,,,,,,,,122.0,,,,,,,,,,,,,,,,,,,,,,103.0,,,,,,,,,138.0,,,,,,,,,,,113.0,,,,,,,,,,,,,,,,,,,,,108.0,,,,,,,,,,118.0,,,,,,,,,,,,,,,,,,,,,,,,,,,,,,,,,,,,,,,,,,,,,,,,,,,,,,,,,,,,,,,,,,,,,,,19,New Orleans Pelicans,NOP
19,,,,,,,,,,,,,,,,,,,,,,,,,112.0,,,,,,,,,130.0,,,,,,,,,,,,,,,,,,,,,,,,,,,,115.0,,,,,,,,,,,,,,134.0,,,,,,,,,,,,,,,,,,,108.0,,,,,,,,,,,,108.0,,,,,,,,,,,,,,,,,,,,,,,,,99.0,,,,,,,,,,,,,106.0,,,,,,,,,,118.0,,,,,,,,,,,120.0,,,,,,,,,,,,,,,,85.0,,,,,,,,,,,,,,,,121.0,,,,,,,,,,,,135.0,,,,,,,,,,,,,,118.0,,,,,,,,,,106.0,,,,,,,,,,,,,,101.0,,,,,,,,,,,,95.0,,,,,,,,,,129.0,,,,,,,,,,,,,,,,,,,,,,,129.0,,,,,,,,,,,,,,,,123.0,,,,,,,,,,,,,,,,,,140.0,,,,,103.0,,,,,,,,,,,,,,,,,,,,,100.0,,,,,,,,,,,,,92.0,,,,,,,,,,,,,,,,,113.0,,,,,,,,,,,,121.0,,,,,,,,,,,,,,,,,,,,,112.0,,,,,,,,,,,,,,,,,,,,128.0,,,,,,,,114.0,,,,,,,,,,,,,,,,,,,,,,109.0,,,,,,,,,,,132.0,,,,,,,,,,,,,,106.0,,,,,,,,117.0,,,,,,,,,,,,,112.0,,,,,,,,,,,,,,,,,121.0,,,,,,,,,,,,,,,115.0,,,,,,,,,,,,,,,108.0,,,,,,,,,,,,102.0,,,,,,,,,,,,117.0,,,,,,,,,,,,,,,,,,,,112.0,,,,,,,,,,,,,,,,,,,107.0,,,,,,,,,,,,,,,,,,119.0,,,,,,,,,112.0,,,,,,,,,,,,,,,,117.0,,,,,,,,,,,,,,,121.0,,,,,,,,,,,105.0,,,,,,,,,,,,,,,,124.0,,,,,,,,,,,116.0,,,,,,,,,,,105.0,,,,,,,,,,,,,,,,,,,,,,120.0,,,,,,,,,,,,,,115.0,,,,,,,,,,,,,,,,,,123.0,,,,,,,,,,,106.0,,,,,,,,,,,,,,,128.0,,,,,,,,,,,,,,108.0,,,,,,,,,,,,,,102.0,,,,,,,,,,,,,,,,,,108.0,,,,,,,,,,,126.0,,,,,,,,,,,,,124.0,,,,,,,,,,,,,,,122.0,,,,,,,,,,,,,,,,,,115.0,,,,,,,,,,,,128.0,,,,,,,,,,,109.0,,,,,,,,,,,,,,,142.0,,,,,,,,,,,,,,,,,122.0,,,,,,,,,,,131.0,,,,,,,,,,,,,,,105.0,,,,,,,,,,,,,,,,,117.0,,,,,,,,,,,,95.0,,,,,,,,,,,,,112.0,,,,,,,,,,,,,,,123.0,,,,,,,,,,,,,,,,,,,,,,,116.0,,,,,,,,,,,,,,,,,134.0,,,,,,,,,,,,120.0,,,,,,,106.0,,,,,,,,,,,,,,,,,,,,,,,,,,,,,,,,137.0,,,,,,,,,,,,,,,,,,101.0,,,,,,,130.0,,,,,,,,,,,,,,,,,118.0,,,,,,,,,,,,,,,,,,,,,,,,,,138.0,,,,,,,,,,105.0,,,,,,,,,,,,,,,,,,,,,,136.0,,,,,,,,,,,101.0,,,,,,,,90.0,,,,,,,99.0,,,,,102.0,,,,,106.0,,,,,,,,,,,,,,,,,,,,,,,,,101.0,111.0,86.0,101.0,112.0,92.0,,,,,,,,,,,,,,20,New York Knicks,NYK
20,,,,,,,,,,,,,,,,,,,,,,,,,,108.0,,,,,,,,,,,,,,,,,,,,,,,,117.0,,,,,,,,106.0,,,,,,,,,,108.0,,,,,,,,,,,,,,,,,118.0,,,,,,,,,,,,,,,,,117.0,,,,,,,,,,,,,,,,,116.0,,,,,,,,,,,,,,,,110.0,,,,,,,,,,,,,,,94.0,,,,,,,,,,,,,,,,,,,103.0,,,,,,,,,,,,,,,132.0,,,,,,,,132.0,,,,,,,,,,,,,,,,,,145.0,,,,,,,122.0,,,,,,,,,,,,,,,,121.0,,,,,,,,,,,,110.0,,,,,,,,,,,,,,,,,,,,,,,,,119.0,,,,,,126.0,,,,,,,,,,,,,,,,,,,,,123.0,,,,,,105.0,,,,,,,,,,,,,,,,,,,,101.0,,,,,,,,,,119.0,,,,,,,,,,,,,,,,,,,,,,,,135.0,,,,,,,,,,,,,,,,,121.0,,,,,,,,,,,102.0,,,,,,,,,,,,,,,,,,,,,,102.0,,,,,,,,,,,,,,,,,114.0,,,,,,,,,,108.0,,,,,,,,,,,,,,,110.0,,,,,,,,,,,115.0,,,,,,,,,,,,,,123.0,,,,,,,,101.0,,,,,,,,,,,,,,125.0,,,,,,,,,,,,,,,,,,,,,,,,,,,,,,130.0,,,,,,,,,,,,,,,113.0,,,,,,,,,,,,,,,,,96.0,,,,,,,,,,,,,,,,,,,,150.0,,,115.0,,,,,,,,,,,,,,,,127.0,,,,,,,,,,,,,,,,,,,,,120.0,,,,,,,,,111.0,,,,,,,,,,,,,,,133.0,,,,,,,,,,,,,,124.0,,,,,,,,,,,,,,112.0,,,,,,,,,,,,,,,,126.0,,,,,,,,,,,,,113.0,,,,,,,,,,,,,,,,,101.0,,,,,,,,,,,,,,,,,,,,,,,,,132.0,,,,,,,,,,,,112.0,,,,,,,,,,,,,,,,,,,,120.0,,,,,,,,,,,,,,,,,,106.0,,,,,,,,,,,,,,,,,,,,,,,,,,153.0,,,,,,,,,,,,,,114.0,,,,,133.0,,,,,,,,,,,,,,,,,,,,,,,138.0,,,,,,,,,,,,,,,,,,,,,,100.0,,,,,,,,,,,,,,,133.0,,,,,,,119.0,,,,,,,,,,,115.0,,,,,,,,,,,,,,,,,,,,115.0,,,,,,,,,,,117.0,,,,,,,,,117.0,,,,,,,,,,,,,,,,130.0,,,,,,,,,,129.0,,,,,,,,,,,,,,,137.0,,,,,,,,,,,101.0,,,,,,,,,,,,,,,,,,110.0,,,,,,,,,102.0,,,,,,,,,,121.0,,,,,,,,,,,,,,,,,,111.0,,,,,,,,,,,,,,,,,,,,,,,124.0,,,,,,,,,,,,,,101.0,,,,,,,,,,,,,105.0,,111.0,,,,,,,,,,,,,,,,,,,,,,,,118.0,,,,,,,,,,,,,134.0,,,,,,,107.0,,,,,,,,,,,,,,117.0,,,,,,,,,,,,,118.0,,,,,,,,,,,,,,,,,,,125.0,,,,,,,,,,114.0,,,,,,,,,,,,,,,,,,,,,,,,,,,,,115.0,,,,,,,,123.0,,,,,,,,,,,,,,,,,,,,,,,,,,,,,,,,,,,95.0,,,,,,,,,,,,,,,,,,,,,,,,,,,,,,,,,,,,21,Oklahoma City Thunder,OKC
21,,,,,,,,,,,,,,,,,,,,109.0,,,,,,,,,,,,,,,,,,,,,,98.0,,,,,120.0,,,,,,,,,,,,,,,102.0,,,,,,,,,,,,,92.0,,,,,,,,,,,,,,,,,,,113.0,,,,,,,,,,,,,,105.0,,,,,,,,,,,108.0,,,,,,,,,,,,,,,130.0,,,,,,,,,,,,,,123.0,,,,,,,,,,,,,,,,,,,127.0,,,,,,,,,94.0,,,,,,,,,,,,,,,,,,114.0,,,,,,,,,,,,,,,,,,,,,,,,,,,105.0,,,,,,,,,,108.0,,,,,,,,,,,,108.0,,,,,,,,,,113.0,,,,,,,,,,,,,,,102.0,,,,,,,,,,,,,,,,,,,,99.0,,,,,,,,,,,,,,,,,,,,,,,103.0,,,,,,,,102.0,,,,,,,,,,,108.0,,,,,,,,,,,,,,,,,,,,,96.0,,,,,,,108.0,,,,,,,,,,,,,,,102.0,,,,,,,,,,,,,,116.0,,,,,,113.0,,,,,,,,,,,,,,,,,,,,,111.0,,,,,,,,,,,,,,,,,,135.0,,,,,,,,,,,,,,,,117.0,,,,,,,,,,,,,,,95.0,,,,,,,,,125.0,,,,,,,,,,,,,,,116.0,,,,,,,,,,,133.0,,,,,,,,,,,,,,,,,,,,,,,110.0,,,,,,,,,,,,,,101.0,,,,,,,,,,,,,,,,,100.0,,,,,,,,,,,,,,,,,,,,,,,,,,,,,126.0,,,,,,,,,,,,115.0,,,,,,,,,,,,,,,,115.0,,,,,,,,,,,,,,,,,111.0,,,109.0,,,,,,,,,,,,,,,,,,,,,,,,,,108.0,,,,,,,,,,,116.0,,,,,,,,,,,,,,,,,,,,,,,,,,,,,,,,,,,123.0,,,,,,,,,,,,118.0,,,,,,,,,,,,,,,113.0,,,,,,,,,,126.0,,,,,,,,,,,,,,,,105.0,,,,,,,,,,,,109.0,,,,,,119.0,,,,,,,,,,,,,,,,,,,,,94.0,,,,,,,,,,127.0,,,,,,,,,,,,,,,,,,,119.0,,,,,,,,,,,,,,,98.0,,,,,,,,,,,,115.0,,,,,,,,,,,,,,,,,,103.0,,,,,,,,,,,,,100.0,,,,113.0,,,,,,,,,,,,,,,,,,,,,,,,,,108.0,,,,,,,,,,108.0,,,,,,,,,,,,,,,,101.0,,,,,,,,,,,,,,,,,117.0,,,,,,,,,,,117.0,,,,,,,,,,,,,,,,,,,,,119.0,,,,,,,,,,,,,,123.0,,,,,,,,,,124.0,,,,,,,,,,,,,,,,126.0,,,,,,,,,,,,,,,,,,,,,114.0,,,,,,,,,,,,,113.0,,,,,,,,,,,,,,,,113.0,,,,,,,105.0,,,,,,,,,,,,122.0,,,,,,,,,,,,,,,111.0,,,,,,,,,,,,,,,,,,,,,,119.0,,,,,,,,,,,,,,,,,,,,108.0,,,,,,,,,,,,,,,,,,,,,,116.0,,,,,,,,,,,,,,,128.0,,,,,113.0,,,,,,,,,,,,,,,,,,,,,,,94.0,,,,,,,,,,84.0,,,,,,,,110.0,,,,,,,,,,,,,,,,,,,,,,,,,,,,,,,,,,,,,,,,,,,,,,,,,,,,,,,,,,,,,,,,,,,,,,,,,,,,,,,,,,,,,,,22,Orlando Magic,ORL
22,,,,,,,,,,,,,,,,,117.0,,,,,,,,,,,,,,,88.0,,,,,,,,,,,,105.0,,,,,,,,,,,,,,,,,,,,,120.0,,,,,,,,,109.0,,,,,,,,,,,,,,112.0,,,,,,,,,,114.0,,,,,,,,,,,,,,,,118.0,,,,,,,,,,,,,,,111.0,,,,,,,,,,,,,,,,104.0,,,,,,,,,,,,,,,,,100.0,,,,,,,,,,,,,,,,,,,,,,,,,,,,95.0,,,,,,,,,,,,,,,121.0,,,,,,,,105.0,,,,,,,,,,,,,,,,,,,,,,,,,,,,,110.0,,,,,,,,,,,,,109.0,,,,,,,,,,,,,,,,,,,115.0,,,,101.0,,,,,,,,,,107.0,,,,,,,,,,,,,,,,,,,,,,,133.0,,,,,104.0,,,,,,,,,,,,,,,85.0,,,,,,,,,,,,,,,,,,,109.0,,,,,,,,,,,,,,,,,,,,,,123.0,,,,,,,,,,,,,,,,,,,,,,,,,,133.0,,,,,,,,,,,,,,131.0,,,,,,,,,,,,,,,,,123.0,,,,,,,,,,,,,,,,,,,,,,118.0,,,,,,,,,,,,,,,,,,,,,,,,,104.0,,,,,,,,,113.0,,,,,,,,,,119.0,,,,,,,,,,,,,,,,,119.0,,,,,,,,,,,,111.0,,,,,,,,,,,,,,,,,,,,,,,116.0,,,,,,,,,,,115.0,,,,,,,,,,,,,,,120.0,,,,,,,,,,,,,,,,129.0,,,,,,,,,,112.0,,,,,,,,,,,,,,,,123.0,,,,,,,,,,,,,147.0,,,,,,,,,,,,,,114.0,,,,,,,,,,,,,,,,,118.0,,,,,,,,,,113.0,,,,,,,,,,,,,,120.0,,,,,,,,,,,,,,,105.0,,,,,,,,,,,,,,129.0,,,,,,,,,,,,,,,,,,,,,,,,,,,137.0,,,,,,,,,,,,,,,,,,,,,,,126.0,,,,,,,,,,109.0,,,,,,,,,,,,,,,,,,,,,105.0,,,,,,,,,,,,137.0,,,,,,,,,,,,,,,,,,97.0,,,,,,,,,,,,,,,,,,,,,,99.0,,,,,,,,,,119.0,,,,,,,101.0,,,,,,,,,,,,,,,123.0,,,,,,,,,,,,,,,,118.0,,,,,,,,,,,110.0,,,,,,,,,,,,,,,,,,107.0,,,,,,,,,,,,,,,99.0,,,,,,,,,,,,,,119.0,,,,,,,,,,126.0,,,,,,,,,,,133.0,,,,,,,,,,,,,,,,,,,,147.0,,,,117.0,,,,,,,,,,,,,,,,,,,,,,120.0,,,,,,,,,,,,112.0,,,,,,,,,,,,,,,,,,,,,,,,,118.0,,,,,,,,,,,,,,,121.0,141.0,,,,,,,,,,,,,,,,,105.0,,,,,,,,,,,,,,,,,,,116.0,,,,,,,,,112.0,,,,,,,,105.0,,,,,,,,,,,,,,,111.0,,,,,,,,,,,,,,,116.0,,,,,,,,,,,,,117.0,,,,,,,,,,,,,,,,,,,,,,,104.0,,,,,,,103.0,,,,,,,,,,,,,,,,,,,,101.0,,,136.0,,,,,,,,,,,,,,,,,,,134.0,,,,,,,,,,,,121.0,,,,,,96.0,,,,,,102.0,,,,,96.0,,,,,,,,,,,,,,,,,,,,,,,,,,,,,,,,,,,,,,,,119.0,87.0,102.0,116.0,115.0,86.0,88.0,,,,,,,23,Philadelphia 76ers,PHI
23,,,,,,,,,,,,,,,,,,,,,,,,,,,107.0,,,,,,,,,,,,,,,,111.0,,,,,,,,,,,,,,112.0,,,,,,,,,,,,,134.0,,,,,,,,,,,,,,,,124.0,,,,,,,,,,,,,,,,,,,124.0,,,,,,,,,,,,,,,,,116.0,,,,,,,,,,,,,,,,,,,,,,,,106.0,,,,,,102.0,,,,,,,,,,88.0,,,,,,,,,,,,,,,,,,,129.0,,,,,,,,,,,,,97.0,,,,,,,,,,,,,,,,,,,,,,,,112.0,,,,,,,,,,,,,,,,,,130.0,,,,133.0,,,,,,,,,,,,,,,,,,,,116.0,,,,,,,,,,,,115.0,,,,,,,,,,,,,,,,,,,,,,,,,,108.0,,,,113.0,,,,,,,,,,,,,,,,,,122.0,,,,,,,,,,,,,,132.0,,,,,,,,,,121.0,,,,,,,,,,,,,,,,,133.0,,,,,,,,,,,,,,111.0,,,,,,,,,,,,,,98.0,,,,,,,,,,,117.0,,,,,,,,,,,,,,,124.0,,,,,,,,,,,,,97.0,,,,,,,,,,,,,,,111.0,,,,,,,,,,,,,,,,118.0,,,,,,,,,,,,,,130.0,,,,,,,,110.0,,,,,,,,,,,,,,,,,,,,,,,,,100.0,,,,,125.0,,,,,,,,,,,,,,,,125.0,,,,,,102.0,,,,,,,,,,,,,,,,,104.0,,,,,,,,,,,,,,,,,,,,,83.0,,,,,,,,,,,,,,,,,88.0,,,,,,,,,,,,,,96.0,,,,,,,,,,,,,,,,,98.0,,,,,,,,,,,,125.0,,,,97.0,,,,,,,,,,,,,,,,,116.0,,,,,,,,,,,,,,,,,,,,,,,,,106.0,,,,,,,,,,,,,,,,,,117.0,,,,,,,,,,,,,,,112.0,,,,,,,,,,,112.0,,,,,,,,,,,,,128.0,,,,,,,,,,,,,,,,95.0,,,,,,,,,,,,,128.0,,,,,,,,,,,,,114.0,,,,,,,,,100.0,,,,,,,,,,,,,,,,,,,106.0,,,,,,,,,116.0,,,,,,,,,,,,,,,,,,,,,116.0,,,,,,,,,,,,,107.0,,,,,,117.0,,,,,,,,,,,,,,,,,,,,,,,,,,,,,,,,,,120.0,,,,,,,,,,,,,107.0,,,,,,,,,,,,,,124.0,,,,,,,,,,,,,,,101.0,,,,,,,,,,,,,,,,,,,,,,,,,,,,105.0,,,,,,,,,125.0,,,,,,,,,,,,,,,130.0,,,,,,,,,,,,,,,,,,,,,,,,,132.0,,,,,,,,,,,,,,,119.0,,,,,,,,,,,,,,,,112.0,,,,,,,,,,,,104.0,,,,,,,,,,116.0,,,,,,,,,,,,,,,,,,,,,,,,,120.0,,,,,,,,,,,,,,,,111.0,,,,,,,,,,,,,,,,,,,,,,127.0,,125.0,,,,,,,,,,,,,,,,,,117.0,,,,,,,,,,107.0,,,,,,,,,,,,,,,,,,,,,,,,100.0,,,,,,,,128.0,,,,,,,,,,,,,,,,,,,,115.0,,,,,,,,,,119.0,,,,,,,,,,,,,,107.0,,,,,,,,,,,,,,,,,,114.0,,,,,,,,110.0,,,,,,,123.0,,,,129.0,,,,,112.0,,,,,,136.0,,,,,,,,,,,,,,,,,,,,107.0,87.0,121.0,129.0,102.0,100.0,,,,,,,,,,,,,,,,,,,,24,Phoenix Suns,PHX
24,,,,,,,,,,,,,,,,,,,,,,,,,,,,,,115.0,,,,,,,,,,,,,113.0,,,,,,,,,,106.0,,,,,,,,,,,,,,135.0,,,,,98.0,,,,,,,,,,,,,,,,,,,,,,,,125.0,,,,,,,,,,,,,,,,,,,,,,,,,,,,106.0,,,,,,,,,,,,,,,,,,,,,,108.0,,,,,,82.0,,,,,,,,,110.0,,,,,,,,,,,,,,,,105.0,,,,,,,,,,,,,,106.0,,,,,,,,,,,,,,,,112.0,,,,,,,,,,,,,,,,,,117.0,,,,,,,,,,,,,,107.0,,,,,,,,,,,,,113.0,,,,,,,,,,,,,,,,,111.0,,,,,,,,,,,96.0,,,,,,,,,,,,,132.0,,,,,,,,,,,,,,,97.0,,,,,,,,,,,,,,,,,112.0,,,,,,,,,,,,,,,109.0,,,,,,,,,,,,,,116.0,,,,,,,,,,,,,116.0,,,,,,,,,,,,,,,,,,,,,,,,,120.0,,,,,,,,,,,,,,,,,,124.0,,,,,,,,133.0,,,,,,,,,,,,,,,,,,,,,128.0,,,,,,,,,,,,,,110.0,,,,107.0,,,,,,,,,,,,,,,,,121.0,,,,,,,,98.0,,,,,,,,,,,,,,,,,,,,,,,107.0,,,,,,,,,,,124.0,,,,,,,,,,,,,,,,,,,,,,,,,,,,,112.0,,,,,,,,,,,,,,,,,,,,,,,,,,,,,135.0,,,,,,,,106.0,,,,,,,,,,,,,,,,,,,,,,99.0,,,,,,,,,,,,,105.0,,,,,,,,,,,,106.0,,,,,,,,,,,,,,,,113.0,,,,,,,,,,,,,,,,136.0,,,,,,,,,,140.0,,,,,,,,,,,,,113.0,,,,,,,,,,,,,,95.0,,,,,,,,,,,,,,,,,,,,,112.0,,,,,147.0,,,,,,,,,,,,,,,,,,,,,134.0,,,,,,,,,,,,,,,,,,,,,,105.0,,,,,,,,,,,129.0,,,,,,,,,,,122.0,,,,,,,,,,,,,,,,,,,124.0,,,,121.0,,,,,,,,,,,,108.0,,,,,,,,,,,,,,,,125.0,,,,,,,,,,,,,,,,,,,129.0,,,,,,,,,,,,,,,,,,,,,,,,127.0,,101.0,,,,,,,,,,,,,,,,,,,,,,,,116.0,,,,,,,,,,,,,,,,,,,,,,,,131.0,,,,,,,,,,,,,,,105.0,110.0,,,,,,,,,,,,,,,,111.0,,,,,,,,,,,,,,,,,,,,122.0,,,,,,,,,110.0,,,,,,,,,,,93.0,,,,,,,,,,,,,119.0,,,,,,,,,,,,,,110.0,,,,,,,,,,,,,,,,,,107.0,,,,,,,,,,,,,,,112.0,,,,,,,,,,,,,,,,,,102.0,,,,,,,,,,,,,,,,127.0,,,,,,,,,,,,,,,96.0,,,,,,,,,,,,,,,,,,,,,,,112.0,,,,,,90.0,,,,,,,,,,80.0,,,,,,,,,,,,,,,,,,,,,,114.0,,,,,,,,,,107.0,,,,,,,,,,,,,,,109.0,,,,,,,,,,,,,,,127.0,,,,,,,,,,,,,,,,125.0,,,,,,,,,,,,,101.0,,,,,,,,,,,,,,,,,,,,,,,,,,,,,,,,,,,,,,,,,,,,,,,,,,,,,,,,,,,,,,,,,,,,,,,,,,,,,25,Portland Trail Blazers,POR
25,,,,,,,,,,,,,,,,,,,,,,,,,,,,,,108.0,,,,,,,,,,,,,,,,,,,109.0,,,,,,,,,,125.0,,,,,,,,,,,,,,,,,,,,,,,,110.0,,,,,,,,,,,,,,119.0,,,,,,,,,,,,,,,,,,,115.0,,,,,,,,,107.0,,,,,,,,,,,,,,,,,,,,,,,126.0,,,,,,,,,,,,,,,,,,,,,,,,,113.0,,,,,,,,,,,,,,127.0,,,,,,,,,,120.0,,,,,,,,,,,,,,,122.0,,,,,,,,,,153.0,,,,,,,,,,,,,,,,130.0,,,,,,,,,,,,,,,,,,,137.0,,,,,,,,,,,,,,,,,,113.0,,,,,,106.0,,,,,,,,,,,,,,,104.0,,,,,,,,,,,,,,,,,,,,,,,,117.0,,,,,,,,,,,,,,,,,,137.0,,,,,,,,,,,,,,,,,123.0,,,,,110.0,,,,,,,,,,,,,,,,,,,113.0,,,,,,,,,,,,,,,,,,,,,,106.0,,,,,,,,,,,,,,,99.0,,,,,,,,,,,,,103.0,,,,,,124.0,,,,,,,,,,,,,,,122.0,,,,,,,,,,,,,,,,,,119.0,,,,,,,,,,,,,,,134.0,,,,,,,,,,,,,,,,,,,,,,,,111.0,,,,,,,,,,,,,,,,,,,,,106.0,,,,,,,,127.0,,,,,,,,,,,,,,,,,126.0,,,,,,,,,,,108.0,,,,,,,,,,,,,,,117.0,,,,,,,,,,,,117.0,,,,,,,,,,,,,,,,,,,,134.0,,,,,,,,,,,,,,,136.0,,,,,,,,,,135.0,,,,,,,,,,,,139.0,,,,,,,,,,,,,,,,,,,,132.0,,,,,,,,,,,,,,,,,116.0,,,,,,,,,,,,,,118.0,,,,,,,,,,,,,127.0,,,,,,,,,,,,,133.0,,,,,,,,,,,95.0,,,,,,,,,,,,,,,,,,,,,,,110.0,,,,,,,,,,,,,,,,,,,,118.0,,,,,,,,,119.0,,,,,,,,,,,,,,,,,,,104.0,,,,,,,,,,,104.0,,,,,,,,140.0,,,,,,,,,,,,,,,,,,,,130.0,,,,,,,,,,,,114.0,,,,,,,,,,,,133.0,,,,,,,,,,,,,,,,,109.0,,,,,,,,,,,,,,,,,,,,,,133.0,,,,176.0,,,,,,,,,,,,,,,,,,,,,124.0,,,,,,,,,,,123.0,,,,,,,,,,,,,,,,,128.0,,,,,,,,,,,,134.0,,,,,,,,,,,,,,,,,123.0,,,,,,,,,,,,,,,,,,,122.0,,,,,,,,,,,128.0,,,,,,,,,,,,,,,,,,,,,124.0,,,,,,,,,,,,,,,117.0,,,,,101.0,,,,,,,,,,132.0,,,,,,,,,,,,,,,,,,,120.0,,,,,109.0,,,,,,,,,,,,,,,,,,,,,,,,,,135.0,,,,,121.0,,,,,,,,,,,,,115.0,,,,,,,,,,,,,120.0,,,,,,,,,,,,,,,,,,,,,,138.0,,,,,,,,,,,,134.0,,,,,,,,,,,,121.0,,,,,,,,,,,119.0,,,,,,,,,,,,,,,97.0,,,,,,,,,,,,,,,,,,95.0,,,,,,,,,,126.0,,,,,114.0,,,,,,97.0,,,,,,,,,125.0,,,,,,116.0,,,118.0,100.0,,,,,,,,,,,,,,,,,,,,,,,,,,,,,,,,,,,,,,26,Sacramento Kings,SAC
26,,,,,,,,,,,,,,,,,,,,,,,,,,,,102.0,,,,,,,137.0,,,,,,,,,114.0,,,,,,,,,,,,,,,,,,,115.0,,,,,,,,,,,,,,,122.0,,,,,,,,,129.0,,,,,,,,,,,,,,,,,,,,,,,,107.0,,,,,,,,,,,,,,,,,,,,100.0,,,,,,,,,,,106.0,,,,,,,,,101.0,,,,,,,,,,,,,,,,,,,109.0,,,,,,,,,,,,,,,122.0,,,,,,,,,,,,,,111.0,,,,,,,,,,,,,,,,,95.0,,,,,,,,,110.0,,,,,,,,,,,,,112.0,,,,,,,,,,,,,,,,97.0,,,,,,,,,92.0,,,,,,,,,,,,,,,,,,,,,,110.0,,,,,,,,,,,,,,,94.0,,,,138.0,,,,,,,,,,,,,,,,,,,,,,,,,,,,,111.0,,,,,,,,,,,,,99.0,,,,,,,,,,,,,,,95.0,,,,,,,,,,,,,,,,,,,,,,,,,,,,,,118.0,,,,,,,,,,,,115.0,,,,,,,,,,,,,,,,,,112.0,,,,,,,,,,,,,,,,,,112.0,,,,,,,,,,,,,,,101.0,,,,,,,,,,,,,,,,124.0,,,,,,,,,,,,,,,,,,,,,,,117.0,,,,,113.0,,,,,,,,,,,,,,,,,,,,126.0,,,,,,,,114.0,,,,,,,,,,,,,,,,,,122.0,,,,,,,,,,,,,,,,,,125.0,,,,,,,,,,,,,103.0,,,,,,,,114.0,,,,,,,,,,,,,,,121.0,,,,,,,,,116.0,,,,,,,,,,,,,,113.0,,,,,,,,,,,,,,,,,,129.0,,,,,,,,,,,,,,,113.0,,,,,,,,,,,,,,119.0,,,,,,,,,,,,,106.0,,,,,,,,,,,,,,,,,,,,,,126.0,,,,,,,,,,,,,,,,,,,,,127.0,,,,,,,,,,,,,104.0,,,,,,,,,100.0,,,,,,,,,,,,,,,,,118.0,,,,,,,,,,,106.0,,,,,,,,,,,,,,109.0,,,,,,,,,,,,,,,,,125.0,,,,,,,,,,,,,,,,,,,,,,,,104.0,,,,,,,,,,,,,,98.0,,,,,,,,,,,131.0,,,,,,,,,,,,,,,106.0,,,,,,109.0,,,,,,,,,,,,,,,,,110.0,,,,,,,,,,116.0,,,,,,,,,,,,,,,,,,,,,102.0,,,,,,,,,,,,,,,,102.0,,,,,,,,,,,,,,,,,,,,110.0,,,,,,,,,,,,,,,,110.0,,,,,,,,110.0,,,,,,,,,,,,,,,,,,,,,,,,,,,,,,,,,,128.0,,,,,,,,,,,,,,,,90.0,,,,,,,,,,,,,132.0,,,,,128.0,,,,,,,,,,,,,,,,,,120.0,,,,,,,,,,126.0,,,,,,,,,,,,,,,,,,84.0,,,,,,,94.0,,,,,,,,,,,,,,,,,124.0,,,,,,,,,93.0,,,,,,,,,,,,,,,,,,,,,,,,,,,,,,,117.0,,,,,,,,,,,,,115.0,,,,,,,,,,,,,142.0,,,,,,,,,,,,,,,,,94.0,,,,,,,,,,,129.0,,,,,,,,,,,,,,,131.0,,,138.0,,,,,,,,,,,,,,,,,,,,,,,,,,,,,,,,,,,,,,,,,,,,,,,,,,,,,,,,,,,,,,,,,,,,,,,,,,,,,,,,,,,,,,,,27,San Antonio Spurs,SAS
27,,,,,,,,,,,,,,,,,,,,,,,,108.0,,,,,,,,,105.0,,,,,,,,,,,,,109.0,,,,,,,,,,,,,,,98.0,,,,,,,,,,,,,119.0,,,,,,,,,,,,,,90.0,,,,,,,,,,,,,,,,,,,,,,,,,,,,,139.0,,,,,,,,,,,,,,143.0,,,,,,,,110.0,,,,,,,,,,,,,,,,,,113.0,,,97.0,,,,,,,,,,,,,,,,,,,,116.0,,,,,,,,,,,,113.0,,,,,,,,,,,,,,104.0,,,,,,,,,,,,,115.0,,,,,,,,,112.0,,,,,,,,,,,,,,,,,,,,,,,122.0,,,,,,,,,,,,,,,,,,,,,,,,,,,,,,,,,98.0,,,,,,,,,,,,,,,,,,,,,105.0,,,,,,,,,,,,,100.0,,,,,,,,,,,,,,,,,108.0,,,,,,,,,,,,105.0,,,,,,,,,,,121.0,,,,,,,,,,,,,110.0,,,,,,,,,,126.0,,,,,,,,,,,,109.0,,,,,,,,,,,,,,,,,,,,,99.0,,,,,,,,,,,,,,,,,,,,,123.0,,,,,,,,,,,,116.0,,,,,,,,,,,,,,,,,110.0,,,,,,,,,,,,101.0,,,,,,,,,,,,,,,113.0,,,,,,,,,,118.0,,,,,,,,,,,,,,,,,,,,,,,,113.0,,,,,,,,,,,,,,106.0,,,,,,,,,,,113.0,,,,,,,,,,,,,,,,,,114.0,,,,,,,,,,,,,,,,,,,101.0,,,,,,,,,,,,,,,,108.0,,,,,,,,,,,,,,117.0,,,,,,,,,,,,,,,,132.0,,,,,,,,,,124.0,,,,,,,,,,,,,,,103.0,,,,,,,,,,,,,,,,,,,,,,123.0,,122.0,,,,,,,,,,,,,,,126.0,,,,,,,,,,,,,,104.0,,,,,,,125.0,,,,,,,,,,,,,,,,,,113.0,,,,,,,,,,,,,,,,117.0,,,,,,,,,,,,,,,123.0,,,,,,,,,106.0,,,,,,,,,,128.0,,,,,,,,,,,,,,,,117.0,,,,,,,,,,,,,,,,,106.0,,,,,,,,,,,,,,,,,,,,,,,,112.0,,,,,,,,,,,,,,,,,116.0,,,,,,,,,,,119.0,,,,,,,,,,,,,123.0,,,,,,,,,,,,,,,,,,,,,,115.0,,,,,,,,,,,,,95.0,,,,,,,,,,,,,93.0,,,,,,,,,,,,,,,104.0,,,,,,,,,,,108.0,,,,,,,,,,,,,,,116.0,,,,,,,,,,,,,,,,113.0,,,,,,,,,,,,,,,,,,100.0,,,,,,,,112.0,,,,,,,,,,,,,,,,,,,,,,,,,,,,,,,,,125.0,,,,,,,,,,,,,128.0,,,,,,,,,,,,,,,,122.0,,,,,,,,111.0,,,,,,,,,,,,,,,,,,114.0,,,,,,,,,,,,118.0,,,,,,,,,,,,,,,,,,,,114.0,,,,,,,,,,,,106.0,,,,,,,,,,,,,,,,,,,,110.0,,,,,,,,,,,,,,,128.0,,,,,,,,,,,,,120.0,,,,,,,,,,,,93.0,,,,,,,,,,,,,,,102.0,,,,,,,,,,,,,121.0,,,,,,,,,,,,,,105.0,,,,,,,,,,,,,,,,,,,,,,,,,,,,,,,,,,,,,,,,,,,,,,,,,,,,,,,,,,,,,,,,,,,,,,,,28,Toronto Raptors,TOR
28,,,,,,,,,,,,,,,,,,,,,,,,,,,,,123.0,,,,,,,,,,,132.0,,,,,,,,,,,,,,,,122.0,,,,108.0,,,,,,,,,,,,,,,,,,,,109.0,,,,,,,,,,,,,101.0,,,,,,,,124.0,,,,,,,,,,,,,,,,,121.0,,,,,,,,,,100.0,,,,,,,,,,,,,,,,,,,130.0,,,,,,,,,,,110.0,,,,,,,,,,,,,,139.0,,,,,,125.0,,,,,,,,,,,,,,,,,,,,,,,112.0,,,,,,,,,,,,98.0,,,,,,,,,,,111.0,,,,,,,,,,,,,,,,134.0,,,,,,,,,,,,118.0,,,,,,,,,,,,114.0,,,,,,,,,,,,,,,,,,,,,,116.0,,,,,,,,,,,,,118.0,,,112.0,,,,,,,,,,,,,,,,,,,107.0,,,,,,,,,,,,,,,,,,125.0,,,,,,,,,,139.0,,,,,111.0,,,,,,,,,,,,,,,,,,,,,,,,,,124.0,,,,,,,,,,,,,,,,,,,,,,108.0,,,,,,,110.0,,,,,,,,,,,,,,,,,121.0,,,,,,,,,,,,,,,132.0,,,,,,,,,,,,,,,,,97.0,,,,,,,,,,,99.0,,,,,,,,,126.0,,,,,,,,,,,,,,,,120.0,,,,,,,,,,,,,,,,,,,,,,,,122.0,,,,,,,,,,,,,,,,,,,,107.0,,,,,,,,,,,,,,,125.0,,,,123.0,,,,,,,,,,,,,,,,,,,,,,115.0,,,,,,,,,,,,,,,,131.0,,,,,,,,,,,,,118.0,,,,118.0,,,,,,,,,,,,,,,,,,,,116.0,,,,,,,,,,,,,,,,,,,,,,,112.0,,,,117.0,,,,,,,,,,,,,,,,,,,126.0,,,,,,,,,,,126.0,,,,,,,,,,,,,,,106.0,,,,,,,,,,,,,,,,,,,,,,120.0,,,,,,,,,,,,,,,,,,,124.0,,,,,,,,,,,,108.0,,,,,,,,,,,,,,,,,,,,,,,,,,,,,131.0,,,,,,,,,,,,,,,108.0,,,,,,,,,,,,,,,,,,,,,,,,,,,111.0,,,,,,,,,,,,,,118.0,,,,,,,,,,,,,,,,,,122.0,,,,,,120.0,,,,,,,,,,,,,,,,123.0,,,,,,,,,,,,,111.0,,,,,,,,120.0,,,,,,,,,,,,,,,,,,,,118.0,,,,,,,,,,,,,,,,94.0,,,,,,,,,,,,,,,,,,,,,,,,,,,,,,,103.0,,,,,,,,,,119.0,,,,,,,,,,,,,,,,,,116.0,,,,,,,,,,,131.0,,,,,,,,,,,,,,,,,119.0,,,,,,,,,,115.0,,,,,,,,,,,,,,,,,,,,,,,,,,,,,,,,,,,,,,,,,,118.0,,,,,,,,,,,,,128.0,,,,,,,,115.0,,,,,,,,,,,,,,,,,,,,,116.0,,,,,,,113.0,,,,,,,,,,,,,,,103.0,,,,,,,,,,,,,,,,,,,128.0,,,,,,,114.0,,,,,,,,,,,,,110.0,,,,,,,,,,,,,,,,,,,,,133.0,,,,,,,,,,,98.0,,,,,,,,,,,,,,,,118.0,,,,,,,,,,,,,,,,117.0,,,,,,,,,,,,,,,,,,,,,,,,,,,,,,,,,,,,,,,,,,,,,,,,,,,,,,,,,,,,,,,,,,,,,,,,,,,,29,Utah Jazz,UTA
29,,,,,,,,,,,,,,,,,,,114.0,,,,,,,,,,,,,,,,,102.0,,,,,,,,,,,,,,,,,,,107.0,,,,,,,,,,,,,,120.0,,,,,,,,,,,,,,,,,,,,117.0,,,,,,,,,,,,,,,,,,,,,94.0,,,,111.0,,,,,,,,,,,,,,,121.0,,,,,,,,,86.0,,,,,,,,,,,,,,,,,,,,,97.0,,,,,108.0,,,,,,,,,,,,,,,,,,,,,,,,,113.0,,,,,,,,,,,,121.0,,,,,,,102.0,,,,,,,,,,,,,,,,,,,,,,,,,120.0,,,,,,,,,,,,,,107.0,,,,,,,,,,,,,,106.0,,,,,,,,,,,,,,,,,,,,,,105.0,,,,,,,107.0,,,,,,,,,,,,,,,,,,,,121.0,,,,,,,142.0,,,,,,,,,,,107.0,,,,,,,,,,,,,,,,,,,,116.0,,,,,,,,,,,,,,,119.0,,,,,,,,,,,,,,,,,,,,,,,,,111.0,,,,,,,,,,,111.0,,,,,,107.0,,,,,,,,,,,,,,100.0,,,,,,,,,,,128.0,,,,,,,,,,,,,,,,,,,,,,,,,93.0,,,,,,,,,,117.0,,,,,,,,,,,,,,,,113.0,,,,,,,,,,,,,112.0,,,,,,,,,,,,,125.0,,,,,,,,,,,,,,,,,116.0,,,,,,,,,127.0,,,,,,,,,,,,,,,,,,,119.0,,,,,,,,,,,118.0,,,,,,,,,,,,,,113.0,,,,,,,,,,,,,,,,,,,,110.0,,,,,,,,,,,,,,,,,,,,,,,,,,,,112.0,,,,,,,,,100.0,,,,,,,,,,,,,,,108.0,,,,,,,,,,,,,,,,,,,,,,,,,118.0,,,,,,,,,,,,,,,,,116.0,,,,,,,,,,,,,,,,,,,,,,138.0,,,,,,,,,,,,,,,,,,,,127.0,,,,,,,108.0,,,,,,,,,,,,,,,,,,,,,113.0,,,,,,,,,,,,,127.0,,,,,,,,,,,,,119.0,,,,,,,,,,,,,,,,,,,,,116.0,,,123.0,,,,,,,,,,,,,,,,,,,91.0,,,,,,,,,118.0,,,,,,,,,,,,,,,,,,,,,,,,127.0,,,,,,,,,,,126.0,,,,,,,,,,,126.0,,,,,,,,,,,,,,,,114.0,,,,,,,,,,,109.0,,,,,,,,,,,,,,,,,,,82.0,,,,,,,,,,,119.0,,,,,,,,,,,,,,,,119.0,,,,,,,,,,,,,,,109.0,,,,,,,,,,,,,,111.0,,,,,,,,,,,,,,,,120.0,,,,,,,,,,,,,107.0,,,,,,,,,,,,,,93.0,,,,,,,,,,,,,,,,,117.0,,,,,,,,,,,,,,,,,94.0,,,,,,,,118.0,,,,,,,,,,,,,,,,,,,,,,112.0,,,,,,,104.0,,,,,,,,,,,,,,,,,,,,136.0,,,,,,,,,,,,,,104.0,,,,,,,,,,,,,,130.0,,,,,,,,,,,,,,,,,,,,,,,,109.0,,,,,,,,,,109.0,,,,,,,,,,,,,,,,,,128.0,,,,,116.0,,,,,,,,,,,,,,,,,114.0,,,,,,,,,,,,,,,109.0,,,,,,,,,,,,,,,,,,,,,,,,,,,,,,,,,,,,,,,,,,,,,,,,,,,,,,,,,,,,,,,,,,,,,,,,,,,,,,,,,,,30,Washington Wizards,WAS
